author,text,timestamp,reactions,comments,shares,postUrl,imageUrls,videoUrl,postType,topComments
"พี่เบส ธีระวัฒน์ วิไลรัตน์ is live now.","มาแอบดูพี่เบสสอนพิมพ์การตลาดบริษัทไร่สายชล ว่าสอนอะไรบ้างวันนี้","","10","11","0","","https://scontent.fcnx2-1.fna.fbcdn.net/v/t15.5256-10/735446671_1359209352826118_6476449082993337130_n.jpg?stp=dst-jpg_tt6&cstp=mx720x1280&ctp=s960x960&_nc_cat=102&ccb=1-7&_nc_sid=df2c94&_nc_eui2=AeGxcSlZ43ltf2bvO_P78N1hZ107sPSxSfZnXTuw9LFJ9jO2T9iSWJ_cMQLP3cHV2bwhAOL5kfcYrsl9KY2Yy9pZ&_nc_ohc=435_sumnVAoQ7kNvwGopBS7&_nc_oc=Adr1XgpdkpyhtgLtDimcTiZYusUaCDlQ2HlXb_h4i7s6gRg5M61CCUHghjiRZJh89yk&_nc_zt=23&_nc_ht=scontent.fcnx2-1.fna&_nc_gid=wXNUOY8A1il4wWgnpHq4sA&_nc_ss=7a2a8&oh=00_AQDdxRKRpOmTxg4BMFXNzwwHzwEuHeLeP2zgUKNRvOjX_w&oe=6A4AAF94","https://www.facebook.com/BestWinbiz/videos/1467799028365623/","video",""
"พี่เบส ธีระวัฒน์ วิไลรัตน์","เพื่อนผมๆ","","0","0","0","","https://scontent.fcnx2-1.fna.fbcdn.net/v/t15.5256-10/734384473_1736418561110724_7324374868094779308_n.jpg?stp=dst-jpg_tt6&cstp=mx1080x1920&ctp=s960x960&_nc_cat=108&ccb=1-7&_nc_sid=d2b52d&_nc_eui2=AeFsT2KgHG_8cyLR3UC2igIHLVTiMZsQ7ZMtVOIxmxDtk0V6X8DCtzZN8H2XiNsOrsfVPLK27hOnA7lpx2ANQpCl&_nc_ohc=C4GWqB6XfPwQ7kNvwHkPpkf&_nc_oc=Adprv4kfBRBF2gqC6pkL2wRv6kUZJpUEIqBd4AALdqHuV36GIiZOX_ALZy70X6hqEqs&_nc_zt=23&_nc_ht=scontent.fcnx2-1.fna&_nc_gid=jj_fheGw-QOOY5JpaKUPww&_nc_ss=7a2a8&oh=00_AQA-N27sjddZ0MPedqaU2MAfGkWI8ZRJvMCNaO8J9O_bPA&oe=6A4AADCA","https://www.facebook.com/reel/1736418534444060/","video",""
"พี่เบส ธีระวัฒน์ วิไลรัตน์","ยอดตกให้แก้การสื่อสารทีมการตลาดก่อน และตามด้วยทีมขาย ทำตามสเตปนี้เท่านั้น #Richtalk","","0","1","0","","","","text",""
"พี่เบส ธีระวัฒน์ วิไลรัตน์","เช้าเข้ายิม บ่ายมีประชุม สรุปเดือนที่ผ่านมา รวมถึงแผนผลิตเดือนนี้อย่างเข้มข้น #RICHCLUB 0.01%","5h","0","7","0","https://www.facebook.com/BestWinbiz/posts/pfbid02j7BgZ4MsSnHmd24FkKk4KNwR1jHT4ajoT7MRcxmZfvCkumqYCTxKKUJJxJx526F2l","https://scontent.fcnx2-1.fna.fbcdn.net/v/t39.99422-6/736290108_892559586570255_8684640113568902515_n.png?stp=dst-jpg_tt6&cstp=mx1536x2048&ctp=s590x590&_nc_cat=109&ccb=1-7&_nc_sid=833d8c&_nc_eui2=AeHRKrwnDglamrcC3EZLl4_cX08Rs_a_h6VfTxGz9r-HpfFzSFsctvztw60fjQMfJAmgBfdcOKer4j_lmOYmT7Wi&_nc_ohc=Vy999y2b7d0Q7kNvwGzPMSr&_nc_oc=AdrbWiOrvKDrvrWzNnk2AxMZ1HS88f-G4myeYGE8Jepx9VDwtQz0XLysZi9MsunIpng&_nc_zt=14&_nc_ht=scontent.fcnx2-1.fna&_nc_gid=jj_fheGw-QOOY5JpaKUPww&_nc_ss=7a2a8&oh=00_AQB3i9_KkEhclXV1mh4ONGoMm1uDtPUSsw1qUnpRNZEs-Q&oe=6A4AA0FE; https://scontent.fcnx2-1.fna.fbcdn.net/v/t39.30808-6/735981509_27920429730882336_3049570181916743064_n.jpg?stp=cp6_dst-jpegr_tt6&cstp=mx1536x2048&ctp=s590x590&_nc_cat=111&ccb=1-7&_nc_sid=833d8c&_nc_eui2=AeHz4Gid6XROdeOhPcMiNw7ygolAobS7xfSCiUChtLvF9BdJhBPRl0zBNwcoqJjyvz2uBcd49Lg7rqTLqyWqdz5L&_nc_ohc=NQl6dK_Chq4Q7kNvwHvd8oz&_nc_oc=Adq-ucNearbAd_U89xoe7QkjP4egK2LKbGuc8j8CpVgwsJ74gTpF0aqsAIUW2sYi44I&_nc_zt=23&se=-1&_nc_ht=scontent.fcnx2-1.fna&_nc_gid=jj_fheGw-QOOY5JpaKUPww&_nc_ss=7a2a8&oh=00_AQAEYmWQnek1hEvNZbbSgurPKIin_U8ILsjwJa7KFwhXnA&oe=6A4AB199; https://scontent.fcnx2-1.fna.fbcdn.net/v/t39.30808-6/735180832_27920430090882300_6570868980455508187_n.jpg?stp=cp6_dst-jpegr_tt6&cstp=mx1536x2048&ctp=s590x590&_nc_cat=102&ccb=1-7&_nc_sid=833d8c&_nc_eui2=AeEv2OaG131sr7z14R0yd99CwRrScJZsCPbBGtJwlmwI9h6rAR2bg_DHP7c3ajpOvnU_nN-41JpppiGeuVokUtz2&_nc_ohc=BkW5YrsofngQ7kNvwE0W4Ze&_nc_oc=Adpx0oZokdg5sxA1yqYBsn8alM6hur3APNkrFNYXcwsi5YRWyMW4kPANuVgyBhxC6ds&_nc_zt=23&se=-1&_nc_ht=scontent.fcnx2-1.fna&_nc_gid=jj_fheGw-QOOY5JpaKUPww&_nc_ss=7a2a8&oh=00_AQCM9oC-smLc_NXjHc2xdLdRzhKe6yRTsDkrflUrWq6BwA&oe=6A4AABD8; https://scontent.fcnx2-1.fna.fbcdn.net/v/t39.30808-6/734873710_27920430427548933_4265863294532765854_n.jpg?stp=cp6_dst-jpegr_tt6&cstp=mx1536x2048&ctp=s590x590&_nc_cat=103&ccb=1-7&_nc_sid=833d8c&_nc_eui2=AeE_xzHI5dU9p5BwG5BL9WVRhB_OBrZ5AauEH84GtnkBq97da9rM3KSW2yeTF6ShGgFcVVgQtJzQQkeoNc3rxGSN&_nc_ohc=4A3LzbHt2z4Q7kNvwFZPY5w&_nc_oc=AdrKJ0UjkMT5wbU5nusb81P3STB4Jlv6xsTsyuikV6c7-951sDXJMZ42AAzJaVKkXAQ&_nc_zt=23&se=-1&_nc_ht=scontent.fcnx2-1.fna&_nc_gid=jj_fheGw-QOOY5JpaKUPww&_nc_ss=7a2a8&oh=00_AQCxHPJnfPj0FgiknO_Jn5Gl-0xpZO8Vs0s_f_DEoK3_iw&oe=6A4AB5C8; https://scontent.fcnx2-1.fna.fbcdn.net/v/t39.30808-6/734623276_27920582714200371_1430179613466398159_n.jpg?stp=cp6_dst-jpegr_tt6&cstp=mx1536x2048&ctp=s590x590&_nc_cat=100&ccb=1-7&_nc_sid=833d8c&_nc_eui2=AeHmTbZutYriHQKeP6Z7fp7XjBLJ2Y4FEEWMEsnZjgUQRc8T9F7CHp0Jmi4W_-Bw89y5tZgG2v3dAiWU7OMcsbb7&_nc_ohc=63I0SERmDAEQ7kNvwGE_RUU&_nc_oc=AdoJbAlu9V5e_yjbK5MqqBVfLoVkdj21Y2ZTfVXx-GA5ttAPrdhsVdfInbL5ryNk4CQ&_nc_zt=23&se=-1&_nc_ht=scontent.fcnx2-1.fna&_nc_gid=jj_fheGw-QOOY5JpaKUPww&_nc_ss=7a2a8&oh=00_AQCmoI9wOy5M4C9VwCpNpv-5qKMhEYkD5i7yJKsQQP--Uw&oe=6A4AB0DA","","image",""
"พี่เบส ธีระวัฒน์ วิไลรัตน์","อยากขายดีขึ้นลองอ่านอันนี้ดูครับช่วยได้เยอะ ลูกค้าไม่ได้ซื้อเพราะคุณขายเก่ง แต่ซื้อเพราะเขาเชื่อว่าคุณเข้าใจปัญหาเขา
ลูกค้าไม่ได้กลัวคนขายที่พูดไม่เก่ง
ลูกค้ากลัวคนขายที่พูดเก่ง แต่ไม่เข้าใจเขา
เพราะสุดท้าย คนไม่ได้ซื้อจากคนที่อธิบายสินค้าได้เยอะที่สุด แต่ซื้อจากคนที่ทำให้เขารู้สึกว่า “คนนี้เข้าใจปัญหาของฉันจริง ๆ”
นี่คือหนึ่งใน #วิชาการขาย
ที่ผมคิดว่าเจ้าของกิจการ
ทีมขาย
และคนที่ต้องขายของทุกวันควรเข้าใจครับ
เพราะหลายครั้ง
ปัญหาไม่ได้อยู่ที่เราขายไม่เก่ง
แต่ปัญหาอยู่ที่เราเริ่มขายเร็วเกินไป
━━━━━━━━━━━━
หลายคนพอเจอลูกค้า
ก็รีบอธิบายทันทีว่า…
สินค้าดียังไง
บริการพิเศษยังไง
วัตถุดิบเหนือกว่ายังไง
บริษัทมีประสบการณ์กี่ปี
มีลูกค้าใช้แล้วกี่คน
มีโปรโมชันอะไรบ้าง
ทั้งหมดนี้ไม่ผิดครับ
แต่คำถามคือ…
ลูกค้าพร้อมฟังหรือยัง?
เพราะถ้าลูกค้ายังไม่รู้สึกว่า
เรื่องที่เราพูดเกี่ยวกับปัญหาของเขา
ต่อให้เราพูดดีแค่ไหน
เขาก็อาจฟังแบบผ่าน ๆ
แล้วสุดท้ายก็ถามกลับมาสั้น ๆ ว่า…
“ราคาเท่าไหร่ครับ?”
━━━━━━━━━━━━
ตรงนี้แหละครับที่หลายคนเข้าใจผิด
เวลาลูกค้าถามราคาเร็ว
เราอาจคิดว่าเขาเป็นลูกค้าชอบของถูก
แต่บางครั้งความจริงคือ…
เขายังไม่เห็นคุณค่ามากพอ
เขายังไม่เข้าใจความต่างมากพอ
เขายังไม่รู้ว่าของเราช่วยแก้ปัญหาเขายังไง
เขายังไม่รู้สึกว่า “เรากำลังพูดเรื่องของเขา”
เพราะฉะนั้นเขาจึงเหลือคำถามเดียวที่จับต้องได้
คือ #ราคา
(ถ้าลูกค้ายังไม่เข้าใจคุณค่า เขาจะใช้ราคาเป็นตัวตัดสินเสมอ)
━━━━━━━━━━━━
ทีนี้คำถามคือ…
ถ้าไม่ควรเริ่มจากการขายสินค้า
เราควรเริ่มจากอะไร?
คำตอบคือ
เริ่มจาก #การเข้าใจปัญหา
นักขายที่ดี
ไม่ใช่คนที่พูดเก่งที่สุด
แต่นักขายที่ดี
คือคนที่ทำให้ลูกค้ารู้สึกว่า…
“เขาเห็นปัญหาที่เรากำลังเจอจริง ๆ”
ลองเปรียบเทียบง่าย ๆ ครับ
คนขายแบบแรกพูดว่า…
“สินค้าของเราดีมาก ใช้วัตถุดิบคุณภาพสูง เห็นผลดี ลูกค้าใช้แล้วชอบมาก”
ฟังดูดีครับ
แต่ยังเป็นมุมของคนขาย
แต่คนขายอีกแบบพูดว่า…
“หลายคนเลือกของถูกกว่าในตอนแรก แต่สุดท้ายต้องเสียเงินซ้ำ เพราะของที่ซื้อไปไม่ได้แก้ปัญหาจริง”
หรือ
“บางธุรกิจไม่ได้แพ้เพราะสินค้าด้อยกว่า แต่แพ้เพราะลูกค้ายังไม่เข้าใจว่าของเราดีกว่าตรงไหน”
แบบนี้คนฟังจะเริ่มนิ่ง
เพราะมันไม่ได้เริ่มจากสินค้า
แต่มันเริ่มจาก #ความจริงในชีวิตเขา
━━━━━━━━━━━━
นี่คือเหตุผลที่การขายยุคนี้
ไม่ใช่แค่การนำเสนอ
แต่คือการวินิจฉัย
เหมือนหมอครับ
หมอที่ดีไม่ได้เริ่มจากการยื่นยาให้ทันที
แต่เริ่มจากการถาม
การฟัง
การดูอาการ
การเข้าใจต้นเหตุ
เพราะถ้าหมอยังไม่รู้ว่าคนไข้เป็นอะไร
ต่อให้ยาแพงแค่ไหน
คนไข้ก็ไม่มั่นใจ
การขายก็เหมือนกันครับ
ถ้าเรายังไม่รู้ว่าลูกค้าติดปัญหาอะไร
กลัวอะไร
อยากได้อะไร
ลังเลเพราะอะไร
เคยผิดหวังจากอะไร
แล้วเรารีบขายทันที
ลูกค้าจะรู้สึกว่า…
“เขาอยากขายฉัน”
แต่ถ้าเราฟังจนเข้าใจ
แล้วพูดตรงกับสิ่งที่เขาเจอ
ลูกค้าจะเริ่มรู้สึกว่า…
“เขากำลังช่วยฉัน”
สองความรู้สึกนี้ต่างกันมากครับ
━━━━━━━━━━━━
เพราะฉะนั้น ก่อนขายทุกครั้ง
ลองถามตัวเอง 5 ข้อนี้ก่อน
#1 ลูกค้าคนนี้กำลังเจ็บเรื่องอะไร?
#2 เขาเคยลองแก้ปัญหานี้ด้วยวิธีไหนมาแล้วบ้าง?
#3 เขากลัวอะไร ถ้าต้องตัดสินใจซื้อ?
#4 เขาอยากได้ผลลัพธ์อะไรจริง ๆ?
#5 ถ้าเขาไม่ซื้อวันนี้ ปัญหาของเขาจะหนักขึ้นอย่างไร?
คำถามเหล่านี้
จะทำให้เราไม่ได้ขายแบบเดาสุ่ม
แต่ขายจากความเข้าใจ
และเมื่อเราเข้าใจมากขึ้น
คำพูดของเราจะเปลี่ยนทันที
จากการพูดว่า…
“ของเราดีนะครับ”
จะกลายเป็น…
“ถ้าปัญหาของคุณคือแบบนี้ สิ่งที่ต้องระวังคือแบบนี้ และสินค้าหรือบริการนี้ถูกออกแบบมาเพื่อแก้จุดนี้โดยเฉพาะ”
เห็นไหมครับ
น้ำหนักของคำพูดต่างกันทันที
━━━━━━━━━━━━
ตรงนี้แหละครับ
ที่ทำให้การขายกลายเป็นเรื่องของ #ความไว้วางใจ
เพราะลูกค้าไม่ได้อยากฟังคนที่พยายามปิดการขายอย่างเดียว
ลูกค้าอยากเจอคนที่ทำให้เขาตัดสินใจได้ดีขึ้น
บางครั้งลูกค้าไม่ได้ต้องการคนพูดเยอะ
แต่ต้องการคนที่ถามถูก
ไม่ได้ต้องการคนเร่งให้ซื้อ
แต่ต้องการคนช่วยให้เขาเห็นภาพชัด
ไม่ได้ต้องการคนบอกว่า “ซื้อเถอะ”
แต่ต้องการคนอธิบายว่า
“ทำไมสิ่งนี้ถึงเหมาะกับปัญหาของเขา”
(การขายที่ดี ไม่ใช่การผลักสินค้าใส่มือลูกค้า แต่คือการพาลูกค้าเห็นทางออกที่ชัดขึ้น)
━━━━━━━━━━━━
สิ่งที่ผมอยากให้จำไว้คือ
ก่อนที่ลูกค้าจะเชื่อสินค้า
เขาต้องเชื่อคนขายก่อน
ก่อนที่ลูกค้าจะเชื่อราคา
เขาต้องเข้าใจคุณค่าก่อน
ก่อนที่ลูกค้าจะตัดสินใจซื้อ
เขาต้องรู้สึกก่อนว่า…
#คนนี้เข้าใจฉัน
เพราะถ้าลูกค้ารู้สึกว่าเราเข้าใจเขา
เขาจะเปิดใจฟังมากขึ้น
และเมื่อเขาเปิดใจฟัง
เราจึงค่อยมีโอกาสอธิบายคุณค่า
อธิบายความต่าง
อธิบายเหตุผลของราคา
และพาเขาไปสู่การตัดสินใจ
แต่ถ้าเขายังไม่เปิดใจ
ต่อให้เรามีสคริปต์ขายดีแค่ไหน
มันก็อาจกลายเป็นแค่เสียงรบกวนในสายตาเขา
━━━━━━━━━━━━
สรุปครับ
ลูกค้าไม่ได้ซื้อเพราะคุณขายเก่งอย่างเดียว
แต่ลูกค้าซื้อ
เพราะเขาเชื่อว่า
คุณเข้าใจปัญหาของเขาจริง
อย่ารีบขาย
ก่อนที่ลูกค้าจะรู้สึกว่าเราเข้าใจ
อย่ารีบอธิบายสินค้า
ก่อนที่เราจะเข้าใจชีวิตเขา
อย่ารีบปิดการขาย
ก่อนที่เราจะเปิดใจเขาได้
เพราะการขายที่ยั่งยืน
ไม่ได้เริ่มจากเทคนิคปิดการขาย
แต่มันเริ่มจาก #ความเข้าใจมนุษย์
และนี่คือหนึ่งใน #วิชาหาเงิน
ที่เจ้าของกิจการควรรู้ครับ
ถ้าคุณเข้าใจลูกค้าลึกกว่าเดิม
คุณจะขายได้ดีขึ้น
ถ้าคุณอธิบายปัญหาเขาได้ชัดกว่าเดิม
เขาจะเชื่อคุณมากขึ้น
และถ้าคุณทำให้เขาเห็นว่า
สินค้าหรือบริการของคุณคือทางออกจริง ๆ
คุณจะไม่ต้องขายด้วยการกดราคา
แต่ขายด้วย #คุณค่า
ติดตามผมไว้ครับ
ผมจะแชร์ความรู้แบบนี้เรื่อย ๆ
เรื่องธุรกิจ
การขาย
การสร้างแบรนด์
คอนเทนต์
และ #วิชาหาเงินสำหรับเจ้าของกิจการ
เพราะถ้าคุณเข้าใจลูกค้าเป็น
สื่อสารคุณค่าเป็น
และขายจากปัญหาจริงของเขาเป็น
คุณจะหาเงินจากสิ่งที่คุณมี
ได้มากขึ้นกว่าเดิมครับ","","5","2","0","","https://scontent.fcnx2-1.fna.fbcdn.net/v/t39.30808-6/735439066_27919227987669177_5281389988922072227_n.jpg?stp=cp6_dst-jpegr_tt6&cstp=mx2048x2048&ctp=p526x296&_nc_cat=108&ccb=1-7&_nc_sid=833d8c&_nc_eui2=AeG0sgq4MDD169l_nJOgSLR4cFHTK31XRUxwUdMrfVdFTO2oE9S2KhPd2jRty-ksyyqvc_UNxXrWfq-eo4nIjZT4&_nc_ohc=dihlMQiovD8Q7kNvwH1J6ww&_nc_oc=AdoHpzxkBgMXOyy_DZogH3nJ_G3-qVTePxciPgI_pDm8U5l-YrGsE0xjQTDf24_-7TY&_nc_zt=23&se=-1&_nc_ht=scontent.fcnx2-1.fna&_nc_gid=gjMUery8Q8K51GG9555n1g&_nc_ss=7a2a8&oh=00_AQBg5uCLa4q303OI3aKKGm4hqDWIwhHu1odvU3tV0XPjYA&oe=6A4AB18B","","image",""
"พี่เบส ธีระวัฒน์ วิไลรัตน์",""" เพิ่มยอดขายทันทีทำแบบนี้บอกแอดมินหรือเทเลเซลล์ว่าให้ตอบแบบ "" อธิบายให้เหตุผล แทนให้ข้อมูล+สคริปต์ ยอดเพิ่ม 20-200% "" #พี่เบส","1d","17","1","0","https://www.facebook.com/BestWinbiz/posts/pfbid0x7wL29sagKGWgvMPLFuFyyT3JwCbrR48ipEQ7fp6MpeGQ9e98pvy2sNyBqcBFETXl","","","text",""
"พี่เบส ธีระวัฒน์ วิไลรัตน์","ขอบคุณครับ","","3","0","0","","","https://www.facebook.com/reel/1023727226907532/","video",""
"พี่เบส ธีระวัฒน์ วิไลรัตน์","15 แนวคิดนักปรัชญา ที่คนทำธุรกิจควรอ่านสักครั้งในชีวิต เพราะบางทีสิ่งที่เราขาด ไม่ใช่ความรู้ใหม่ แต่คือ “ปัญญาเก่า” ที่เรายังไม่เคยเอามาใช้จริง
ผมมจะไม่ได้พูดเรื่องปรัชญาแบบไกลตัว
ไม่ได้ชวนให้เรานั่งคิดเรื่องโลกแบบซับซ้อน
แต่มันกำลังบอกเรื่องง่าย ๆ ที่คนทำงาน คนทำธุรกิจ และคนที่อยากประสบความสำเร็จควรรู้
บางครั้งชีวิตเราไม่ได้แพ้เพราะไม่เก่ง
แต่แพ้เพราะไม่รู้จักตัวเอง
แพ้เพราะใจไม่นิ่ง
แพ้เพราะอยากได้เร็วเกินไป
แพ้เพราะไปสนใจสิ่งที่ควบคุมไม่ได้
แพ้เพราะเห็นด้วยกับคนอื่นมากเกินไป
จนลืมถามตัวเองว่า…
(จริง ๆ แล้วชีวิตนี้เราต้องการอะไรกันแน่)
#โสเครตีส บอกว่า  
“รู้ว่าตัวเองไม่รู้ คือจุดเริ่มต้นของปัญญา”
ประโยคนี้สำคัญมากครับ
เพราะคนจำนวนมากติดอยู่กับความสำเร็จเล็ก ๆ ของตัวเอง
แล้วคิดว่าตัวเองรู้หมดแล้ว
พอคิดว่ารู้หมด
เราจะหยุดฟัง
หยุดเรียน
หยุดถาม
หยุดพัฒนา
ในโลกธุรกิจ คนที่น่ากลัวไม่ใช่คนที่ไม่รู้
แต่คือคนที่ไม่รู้ว่าตัวเองไม่รู้
เพราะเขาจะตัดสินใจด้วยอีโก้
ไม่ใช่ด้วยข้อมูล
#อริสโตเติล บอกว่า  
“เราเป็นสิ่งที่เราทำซ้ำ ๆ ทุกวัน”
ผมว่าอันนี้ตรงมากครับ
ชีวิตเราไม่ได้เปลี่ยนจากแรงบันดาลใจครั้งใหญ่
แต่มันเปลี่ยนจากพฤติกรรมเล็ก ๆ ที่เราทำซ้ำทุกวัน
คนขายเก่ง
ไม่ได้เก่งเพราะดูคลิปขาย 1 คลิป
แต่เพราะเขาฝึกพูด
ฝึกอธิบาย
ฝึกฟังลูกค้า
ฝึกแก้ข้อโต้แย้ง
ฝึกจนมันกลายเป็นธรรมชาติ
แบรนด์ที่แข็งแรงก็เหมือนกันครับ
ไม่ได้เกิดจากแคมเปญเดียว
แต่มันเกิดจากการสื่อสารซ้ำ ๆ
มาตรฐานซ้ำ ๆ
ประสบการณ์ลูกค้าซ้ำ ๆ
จนตลาดจำได้ว่าแบรนด์นี้คืออะไร
#เซเนกา บอกว่า  
“ชีวิตสั้น เพราะเราใช้มันสิ้นเปลือง”
หลายคนบอกว่าไม่มีเวลา
แต่ความจริงคือเราใช้เวลาไปกับสิ่งที่ไม่จำเป็นมากเกินไป
เช็กมือถือทั้งวัน
กังวลเรื่องคนอื่น
คิดวนกับเรื่องเดิม
เสียพลังกับคนที่ไม่ควรเสียพลัง
ทำงานยุ่งทั้งวัน แต่ไม่ได้ทำเรื่องที่ทำให้ชีวิตดีขึ้นจริง
เวลาไม่ได้หายไปไหนครับ
เราแค่ใช้มันผิดที่
#มาร์คัสออเรลิอัส บอกว่า  
“คุมใจตัวเองให้ได้ ก่อนคุมโลก”
ผมว่านี่คือหัวใจของผู้นำเลยครับ
เจ้าของกิจการที่ดี
ไม่ใช่คนที่คุมทุกอย่างได้หมด
แต่คือคนที่คุมอารมณ์ตัวเองได้
ในวันที่ยอดขายตก
ในวันที่ลูกน้องพลาด
ในวันที่ลูกค้าเปรียบเทียบราคา
ในวันที่ตลาดไม่เป็นใจ
ถ้าเราคุมใจตัวเองไม่ได้
ต่อให้มีกลยุทธ์ดีแค่ไหน
สุดท้ายการตัดสินใจก็จะเพี้ยน
(ใจที่นิ่ง คือทรัพย์สินทางธุรกิจอย่างหนึ่ง)
#ขงจื้อ บอกว่า  
“เดินช้าไม่เป็นไร แต่อย่าหยุดเดิน”
ผมเชื่อเรื่องนี้มากครับ
หลายคนแพ้เพราะอยากเร็วเกินไป
เริ่มทำคอนเทนต์ 7 วันแล้วอยากดัง
ยิงแอด 3 วันแล้วอยากรวย
ทำแบรนด์ 1 เดือนแล้วอยากให้ตลาดจำ
เปิดธุรกิจไม่นานแล้วอยากได้ผลลัพธ์ระดับตำนาน
แต่ของจริงมันไม่ใช่แบบนั้น
ความสำเร็จส่วนใหญ่ไม่ได้เกิดจากความเร็ว
แต่มันเกิดจากความต่อเนื่อง
ใครที่เดินต่อได้ในวันที่คนอื่นหยุด
คนนั้นจะไปไกลกว่าเสมอ
#เล่าจื๊อ บอกว่า  
“ชนะคนอื่นคือเก่ง แต่ชนะตัวเองคือยิ่งใหญ่”
ในชีวิตจริง เราไม่ได้แข่งกับคู่แข่งอย่างเดียว
เราแข่งกับความขี้เกียจของตัวเอง
แข่งกับความกลัวของตัวเอง
แข่งกับนิสัยผัดวันประกันพรุ่งของตัวเอง
แข่งกับเสียงในหัวที่บอกว่า “เดี๋ยวก่อนก็ได้”
ธุรกิจจำนวนมากไม่ได้แพ้ตลาด
แต่แพ้ตัวเอง
รู้ว่าต้องทำ แต่ไม่ทำ
รู้ว่าต้องแก้ แต่ไม่แก้
รู้ว่าต้องเปลี่ยน แต่ยังยึดติดกับของเดิม
#เอพิคทีตัส บอกว่า  
“อย่าทุกข์กับสิ่งที่คุมไม่ได้”
นี่คือบทเรียนที่คนทำธุรกิจต้องเข้าใจเร็วที่สุดครับ
เราคุมเศรษฐกิจไม่ได้
คุมคู่แข่งไม่ได้
คุมอัลกอริทึมไม่ได้
คุมความคิดลูกค้าทุกคนไม่ได้
แต่เราคุมวิธีคิดของเราได้
คุมคุณภาพสินค้าได้
คุมการอธิบายคุณค่าได้
คุมมาตรฐานบริการได้
คุมความเร็วในการลงมือทำได้
คนเก่งไม่ใช่คนที่ไม่มีปัญหา
แต่คือคนที่รู้ว่า
เรื่องไหนควรแก้
เรื่องไหนควรปล่อย
และเรื่องไหนไม่ควรเสียพลังตั้งแต่แรก
#นิทเช่ บอกว่า  
“คนมีเหตุผลจะทนได้แทบทุกอย่าง”
ประโยคนี้ลึกมากครับ
ถ้าคนเรารู้ว่า “ทำไปเพื่ออะไร”
เราจะอดทนได้มากกว่าที่คิด
เจ้าของกิจการที่มีเหตุผลชัด
จะไม่หวั่นไหวง่ายกับยอดขายระยะสั้น
นักขายที่เข้าใจคุณค่าของสินค้า
จะไม่รีบลดราคาทุกครั้งที่ลูกค้าต่อรอง
คนสร้างแบรนด์ที่รู้ว่าตัวเองยืนเพื่ออะไร
จะไม่เปลี่ยนทิศทุกครั้งที่เห็นคู่แข่งทำอะไรใหม่
เหตุผลที่ชัด
ทำให้ใจแข็งแรง
#เพลโต บอกว่า  
“ความรู้ที่แท้ เริ่มจากการตั้งคำถาม”
นี่คือสิ่งที่ผมอยากให้เจ้าของกิจการทำมากขึ้นครับ
อย่าเพิ่งถามว่า “จะขายยังไงให้ได้ยอดเยอะขึ้น”
แต่ให้ถามก่อนว่า…
ลูกค้าซื้อเราเพราะอะไร
ลูกค้าไม่ซื้อเราเพราะอะไร
ตลาดเข้าใจคุณค่าของเราจริงหรือยัง
ราคาของเรามีเหตุผลพอหรือยัง
แบรนด์เราต่างจากคนอื่นตรงไหน
ทีมขายอธิบายคุณค่าเป็นหรือเปล่า
คำถามที่ดี
มักพาเราไปเจอคำตอบที่แพงกว่าเดิม
#คานท์ บอกว่า  
“จงทำสิ่งที่ถูก แม้ไม่มีใครเห็น”
นี่คือมาตรฐานของแบรนด์ที่แท้จริงครับ
แบรนด์ที่ดีไม่ได้ดีเฉพาะตอนอยู่หน้ากล้อง
หรือเฉพาะตอนลูกค้าชม
แต่ดีในวันที่ไม่มีใครเห็น
ดีในโรงงาน
ดีในรายละเอียด
ดีในวัตถุดิบ
ดีในคำพูดกับลูกค้า
ดีในวิธีรับผิดชอบปัญหา
เพราะสุดท้าย
มาตรฐานที่ไม่มีใครเห็น
จะกลายเป็นชื่อเสียงที่ทุกคนสัมผัสได้
#รุสโซ บอกว่า  
“เสรีภาพเริ่มจากการเป็นนายตัวเอง”
ผมว่าในยุคนี้ คนจำนวนมากอยากมีอิสระ
แต่ยังไม่สามารถควบคุมตัวเองได้
อยากมีธุรกิจ
แต่ไม่อยากมีวินัย
อยากมีรายได้สูง
แต่ไม่อยากฝึกทักษะที่ยาก
อยากมีชีวิตแบบเจ้าของกิจการ
แต่ยังคิดแบบลูกจ้างของอารมณ์ตัวเอง
อิสระที่แท้จริงไม่ได้เริ่มจากเงินก่อนเสมอไป
แต่มันเริ่มจากวันที่เราเป็นนายของเวลา
นิสัย
อารมณ์
และการตัดสินใจของตัวเองได้
#โชเปนเฮาเออร์ บอกว่า  
“ความอยากมาก ใจที่ทุกข์มาก”
ข้อนี้สำคัญมากในโลกธุรกิจครับ
ความทะเยอทะยานเป็นเรื่องดี
แต่ถ้ามันกลายเป็นความอยากแบบไม่มีสติ
มันจะพาเราตัดสินใจผิด
อยากโตเร็วเกินไป
เลยลดราคาแรงเกินไป
อยากชนะคู่แข่งเกินไป
เลยลืมกำไร
อยากให้คนชมเกินไป
เลยสร้างภาพมากกว่าสร้างของจริง
อยากสำเร็จเร็วเกินไป
เลยไม่ยอมวางระบบระยะยาว
ความอยากต้องมีครับ
แต่ต้องมีปัญญาคุมมันด้วย
#เฮราคลีตุส บอกว่า  
“ทุกอย่างเปลี่ยนแปลงเสมอ”
โลกธุรกิจไม่มีอะไรนิ่งครับ
ลูกค้าเปลี่ยน
ตลาดเปลี่ยน
แพลตฟอร์มเปลี่ยน
พฤติกรรมการซื้อเปลี่ยน
ความเชื่อของคนเปลี่ยน
สิ่งที่เคยขายดีเมื่อวาน
อาจธรรมดาในวันนี้
สิ่งที่เคยแพงในอดีต
อาจไม่มีเหตุผลพอในสายตาลูกค้ารุ่นใหม่
คนที่อยู่รอด
ไม่ใช่คนที่ยึดติดกับความสำเร็จเดิม
แต่คือคนที่เรียนรู้เร็ว
ปรับตัวไว
และกล้าเปลี่ยนก่อนถูกบังคับให้เปลี่ยน
#พุทธะ บอกว่า  
“ปล่อยวางได้ ใจก็เบาขึ้น”
บางครั้งสิ่งที่ฉุดชีวิตเราไว้
ไม่ใช่ปัญหาใหม่
แต่คือของเก่าที่เราไม่ยอมปล่อย
ความผิดพลาดเก่า
คนบางคน
ความเสียใจบางเรื่อง
ความสำเร็จเก่าที่เรายังยึดติด
วิธีขายเก่าที่มันหมดพลังแล้ว
แบรนด์เก่าที่ไม่เหมาะกับอนาคตแล้ว
การปล่อยวางไม่ได้แปลว่าแพ้
แต่มันแปลว่าเราเลือกไม่แบกของที่ไม่พาเราไปข้างหน้า
#มงแตญ บอกว่า  
“รู้จักตัวเอง คือเรียนรู้ทั้งชีวิต”
สุดท้ายทุกแนวคิดกลับมาที่เรื่องเดิมครับ
รู้จักตัวเอง
รู้ว่าเราเก่งอะไร
ไม่เก่งอะไร
กลัวอะไร
อยากได้อะไร
ติดนิสัยอะไร
ควรแก้ตรงไหน
ควรสร้างอะไรต่อ
เพราะคนที่ไม่รู้จักตัวเอง
จะใช้ชีวิตตามเสียงคนอื่นตลอดเวลา
แต่คนที่รู้จักตัวเอง
จะเริ่มเลือกเส้นทางที่เหมาะกับตัวเองจริง ๆ
ผมว่าปรัชญาไม่ใช่เรื่องไกลตัวเลยครับ
มันคือเครื่องมือที่ช่วยให้เราใช้ชีวิตดีขึ้น
ทำธุรกิจนิ่งขึ้น
ตัดสินใจคมขึ้น
และสร้างความสำเร็จโดยไม่เสียตัวตน
บางทีความรู้ใหม่อาจไม่ได้ทำให้เราชนะเสมอไป
แต่ปัญญาเก่า ๆ ที่เราเอากลับมาใช้จริง
อาจทำให้เราไม่พังในวันที่โลกเปลี่ยนเร็วเกินไป
(เก่งอย่างเดียวไม่พอครับ ต้องมีปัญญากำกับความเก่งด้วย)
ติดตามผมไว้ครับ  
ผมจะแชร์ #วิชาหาเงิน #วิชาธุรกิจ #วิชาสร้างแบรนด์ และวิธีคิดที่ช่วยให้เจ้าของกิจการหาเงินเก่งขึ้น โดยไม่ต้องลดคุณค่าของตัวเองลงครับ
พี่เบส แบรนด์กบฏ","1d","6","1","0","https://www.facebook.com/BestWinbiz/posts/pfbid02wD5Vqc3Q5X2Jq49Dw8QvQ8n3aRw1AiUeWw7nK4BCA9eqGS4WbSFPc5jJiaxoiC9nl","https://scontent.fcnx2-1.fna.fbcdn.net/v/t39.99422-6/734546137_4201876980029457_4644311541264579443_n.png?stp=dst-jpg_tt6&cstp=mx1024x1024&ctp=p526x296&_nc_cat=102&ccb=1-7&_nc_sid=833d8c&_nc_eui2=AeHyc0lQBbP4XS-KpZOJgkGs1_mUYMSDQSfX-ZRgxINBJ5mhmHrvNbVHQpHJhsDlnRvx71jg3SiqAgVkrQiERTdF&_nc_ohc=iYdb26E6elcQ7kNvwGUnT3g&_nc_oc=AdocqA1Ccun6q87MKgu_Z1oO5Sm2Sq9bYlxmAXcPoQP1YsmcYWC0-V-1wcn3FP6lD0s&_nc_zt=14&_nc_ht=scontent.fcnx2-1.fna&_nc_gid=L4jMN8Aeuo2Rlbqz2TM3hg&_nc_ss=7a2a8&oh=00_AQA6ezEH5pmAtZL2zRY0Xo8VHgjEQUBWCHC1XlmAFF0scA&oe=6A4AAFB3","","image",""
"พี่เบส ธีระวัฒน์ วิไลรัตน์ is at Ayoi Sushi Tengoku อาโยอิ ซูชิ เทนโกกุ 阿霄月 寿司天国.","ปลาก็ใหญ่ สาเกก็ใหญ่ ร้านนี้คือร้านอาหาร
 ที่ครบเครื่องและคุ้มค่าอาหารเยอะมาก ( เหล้าเยอะกว่า 
 ) คุณภาพระดับ Luxury Japanese ครับ แต่ราคาดีมากนะครับ แนะนำ","1d","21","2","0","https://www.facebook.com/BestWinbiz/posts/pfbid02ZMUd4UUQLCA4qiXrug4JSXFYva2mNLVyCn4WWphxv57yxMPkPwikphwdBrMZi8wVl","https://scontent.fcnx2-1.fna.fbcdn.net/v/t39.99422-6/735909008_1563279858523350_7325638580976899560_n.png?stp=dst-jpg_tt6&cstp=mx2048x1536&ctp=s590x590&_nc_cat=111&ccb=1-7&_nc_sid=833d8c&_nc_eui2=AeH0TRv-w8v4Pd02vsVZ8BPZ_btAlyaAGar9u0CXJoAZqgADkn4UxARKv5mLwXCG1I8ZNF-FF8mZ341l2OJfPaXv&_nc_ohc=sUrqD426OmoQ7kNvwHbLZ1C&_nc_oc=AdoHVQ_7DQBbLaCYntW6IW8xxE0yUo5Z2TKrJzns3K5G6XLyRrqEMEJPSpGzrPEyw7A&_nc_zt=14&_nc_ht=scontent.fcnx2-1.fna&_nc_gid=L4jMN8Aeuo2Rlbqz2TM3hg&_nc_ss=7a2a8&oh=00_AQC5I0imjEwbcMwTSeZ6-w64VLoLbJ4kK1l2S7PohJIIhA&oe=6A4AA8A6; https://scontent.fcnx2-1.fna.fbcdn.net/v/t39.99422-6/732985106_992714590048697_4969034496024211983_n.png?stp=dst-jpg_tt6&cstp=mx1536x2048&ctp=s590x590&_nc_cat=101&ccb=1-7&_nc_sid=833d8c&_nc_eui2=AeFtl_ukwPc_L9yA0wHFAjlmLcg74EYy3c0tyDvgRjLdzZHjo1NaNZIGw0RhRUB8xpxVaQi5uKRAaQv8sacT9d_W&_nc_ohc=4G14XleYQwgQ7kNvwFolDYa&_nc_oc=AdrH0EMk3rywIOYKFySYeIZ84hVvvsZueg3nJAKYLaF8LtdxLoV_KBr9ek3NqCxfdhI&_nc_zt=14&_nc_ht=scontent.fcnx2-1.fna&_nc_gid=L4jMN8Aeuo2Rlbqz2TM3hg&_nc_ss=7a2a8&oh=00_AQD9LlITzlPks8FA7UPffz3GyfJN3Cq6PwN_74qV2kBegw&oe=6A4AC839; https://scontent.fcnx2-1.fna.fbcdn.net/v/t39.99422-6/735687666_1403646048253231_2975919104219009816_n.png?stp=dst-jpg_tt6&cstp=mx1536x2048&ctp=s590x590&_nc_cat=110&ccb=1-7&_nc_sid=833d8c&_nc_eui2=AeHZB7s5kChsWrcpfGE1IqN_171FsXWjNN7XvUWxdaM03hR16xkT1gPMnDMMtx63Pe-MjjEAKFrQPbHBr7bd1XVY&_nc_ohc=gOsWcK3Wd_IQ7kNvwHKtjJe&_nc_oc=AdqFYf-KyDvEO9NN1t1Az3m63o6bnH2sEcJfC0DNZiORPmDJumBXuQFShxP-Glg8yFc&_nc_zt=14&_nc_ht=scontent.fcnx2-1.fna&_nc_gid=L4jMN8Aeuo2Rlbqz2TM3hg&_nc_ss=7a2a8&oh=00_AQBV1x4KelGqQWNbGYZG84_2yinaGYIQzJ2KKNQ-nNiVNA&oe=6A4A9E7C; https://scontent.fcnx2-1.fna.fbcdn.net/v/t39.30808-6/732909183_27900386216220021_6612259874495956038_n.jpg?stp=cp6_dst-jpegr_tt6&cstp=mx2048x1536&ctp=s590x590&_nc_cat=106&ccb=1-7&_nc_sid=833d8c&_nc_eui2=AeEnAPajt5P-GlkaGwziPq0eu1GEUQmrbtq7UYRRCatu2jMtWawb4PXqcjUEpCbzVVHKVj-7cpP6HGwDyu_eBziU&_nc_ohc=WwzxPgf5SuIQ7kNvwHdwtrW&_nc_oc=AdqItVlxVteq5FWfLXCYEs_kf9uXMDqE_UsLEp1t7RhgMx_U3FZOXeYMOO2Vc1xEGNM&_nc_zt=23&se=-1&_nc_ht=scontent.fcnx2-1.fna&_nc_gid=L4jMN8Aeuo2Rlbqz2TM3hg&_nc_ss=7a2a8&oh=00_AQAHSKT2StJ-1QHwF80IrCOOCmXmL6rHq6l-EbqEyLQKkQ&oe=6A4AA3D3; https://scontent.fcnx2-1.fna.fbcdn.net/v/t39.99422-6/734656181_2940865669599056_2204314512032330238_n.png?stp=dst-jpg_tt6&cstp=mx1536x2048&ctp=s590x590&_nc_cat=102&ccb=1-7&_nc_sid=833d8c&_nc_eui2=AeEgCwhkMg_KirXm1mcTzFPz5gb-tdnUSOLmBv612dRI4sXoONcn8k73lUVFaiKHTxj1hSuRXNyPArNBn5tRiL-F&_nc_ohc=vunGaOaVi2AQ7kNvwG61OTN&_nc_oc=AdoipuZ8Bi5yXw3TIY2ll4c0WpwlIX4vxcormNiETBJ4AIF1T20xfZIgrk1VzbZPAB4&_nc_zt=14&_nc_ht=scontent.fcnx2-1.fna&_nc_gid=L4jMN8Aeuo2Rlbqz2TM3hg&_nc_ss=7a2a8&oh=00_AQC-7HHb70-M7OKLnpA1RCWq8oF8zSPwDl3UV6OGUwBacw&oe=6A4AA310","","image",""
"พี่ไก่ ภัทรดร ปวรากรุตม์ is at Smash Gym Thailand.","นับถอยหลังอีก 48 วัน ก่อนแข่ง
ซ้อมครบทีมมมมม #Hyrox2026 
 
Thamanart Tantisirivit Kreangkrai Luengsangsai ธีระวัฒน์ วิไลรัตน์ พี่ไก่ ภัทรดร ปวรากรุตม์","","39","20","0","","https://scontent.fcnx2-1.fna.fbcdn.net/v/t39.99422-6/728937550_2010702929567886_8170729765274497042_n.png?stp=dst-jpg_tt6&cstp=mx1477x1108&ctp=s720x720&_nc_cat=102&ccb=1-7&_nc_sid=833d8c&_nc_eui2=AeFqEWj9tx3_sbD1LYn_oJsK3e-ZZ0lJbTjd75lnSUltOO4wp7HXUpQn7oDUxd9YYui0FrkhirLRyO0bTwfCanLq&_nc_ohc=5NRNqf_4RscQ7kNvwGYs0nO&_nc_oc=AdphpxLp9UvLObvW2P9SvM2r5goLhiERamwbW0HECVq9VI3TdEOE77meYzsb-5UNVac&_nc_zt=14&_nc_ht=scontent.fcnx2-1.fna&_nc_gid=L4jMN8Aeuo2Rlbqz2TM3hg&_nc_ss=7a2a8&oh=00_AQBxFmYJsORPTMWqbhoLKMq9xFJbz0CmTjWUsRA1-qUuig&oe=6A4A956D","","image",""
"พี่เบส ธีระวัฒน์ วิไลรัตน์",""" ถ้าคุณอยากได้ยอดขายเพิ่ม 20-200%(2เท่า) โดยไม่ต้องลงทุนเพิ่มสักบาท ตรวจ chat Admin อย่างละเอียดก่อนเลย "" ( หมายถึงตรวจเอง )","","6","2","0","","","","text",""
"พี่เบส ธีระวัฒน์ วิไลรัตน์","ขอบคุณผู้ร่วมสัมมนาทุกท่านจากใจครับ 
Premium Price Marketing, Luxury Branding
and AI-Powered Brand Strategy รุ่น 4
จบลงอย่างสวยงามมากครับ
ผมต้องบอกตรง ๆ ว่า รุ่นนี้เป็นหนึ่งในรุ่นที่ผมรู้สึกประทับใจมากเป็นพิเศษ ไม่ใช่แค่เพราะ 30 ที่นั่งเต็ม แต่เพราะคุณภาพของคนที่มาอยู่ในห้องวันนั้น ทำให้คลาสนี้มีพลังมากกว่าการเป็นสัมมนาทั่วไป
ในห้องมีทั้งเจ้าของกิจการ ผู้บริหาร คุณหมอเจ้าของคลินิก เจ้าของแบรนด์ที่ขายสินค้าทั่วประเทศ นักการตลาด ทีมขาย และคนทำธุรกิจที่มีของดีอยู่แล้ว แต่กำลังมองหาวิธีทำให้ตลาดเห็นคุณค่าของสิ่งที่ตัวเองทำมากขึ้น
และผมขอชื่นชมทุกท่านจริง ๆ ครับ
เพราะทุกคนไม่ได้มาแค่นั่งฟัง
แต่มาแบบตั้งใจคิด ตั้งใจถาม ตั้งใจเขียน ตั้งใจทำ Workshop
และตั้งใจจะเอาความรู้กลับไปใช้กับธุรกิจของตัวเองจริง ๆ
────────────────────
[ ห้องเรียนที่ดี ไม่ได้เกิดจากคนสอนอย่างเดียว
แต่เกิดจากคุณภาพของคนที่มาเรียนด้วย ]
────────────────────
สิ่งที่ผมชอบมากในรุ่นนี้คือ แค่ครึ่งวันแรก หลายท่านก็เริ่มเดินมาคุยกับผมแล้วครับ
“พี่เบส หนูได้ไอเดียเยอะมากค่ะ”
“เริ่มเข้าใจแล้วว่า เราต้องพูดคุณค่าแบบนี้นี่เอง”
“ที่ผ่านมาเรามีของดีนะ แต่เราเล่ายังไม่ครบ”
“จริง ๆ ปรับแค่นิดเดียว ราคาที่เราตั้งก็ดูสมเหตุสมผลขึ้นทันที”
นี่คือประโยคที่ผมฟังแล้วดีใจมากครับ
เพราะนั่นแปลว่า สิ่งที่เกิดขึ้นในห้องไม่ได้เป็นแค่การฟังความรู้ แต่เป็นจังหวะที่เจ้าของกิจการหลายคนเริ่มเห็นธุรกิจของตัวเองใหม่
เห็นว่า บางทีเราไม่ได้ขายแพงไม่ได้
แต่เรายังอธิบาย #เหตุผลของราคา ไม่ชัดพอ
เห็นว่า ลูกค้าไม่ได้ไม่อยากจ่าย
แต่เขายังไม่เห็น #คุณค่า มากพอที่จะยอมจ่าย
เห็นว่า ของดีไม่ได้แพ้ของถูกเสมอไป
แต่ของดีต้องถูกเล่าให้ตลาดเข้าใจอย่างถูกทาง
บรรยากาศทั้งวันสนุกมากครับ มีทั้งช่วงคิดหนัก ช่วงหัวเราะ ช่วงแชร์ประสบการณ์ ช่วง Workshop และช่วงที่หลายคนเริ่ม “อ๋อ” กับธุรกิจของตัวเองจริง ๆ
ผมตั้งใจเลือก Siam Kempinski Bangkok เป็นสถานที่จัดคลาสนี้ เพราะคลาสที่พูดเรื่อง #Premium และ #Luxury ไม่ควรเป็นแค่เนื้อหาบนสไลด์ แต่ประสบการณ์ของผู้เรียนก็ควรสะท้อนสิ่งนั้นด้วย
ทั้งสถานที่ บรรยากาศ อาหาร การดูแล รายละเอียดในห้อง และคุณภาพของคนที่มาร่วมเรียน ล้วนเป็นส่วนหนึ่งของประสบการณ์ครับ
เพราะถ้าเราจะสอนให้คนเข้าใจการสร้างแบรนด์พรีเมี่ยม เราต้องทำให้เขา “สัมผัส” ความเป็นพรีเมี่ยมด้วย ไม่ใช่แค่ฟังคำอธิบาย
────────────────────
[ ของดีจะมีราคาสูงขึ้นได้
เมื่อคนซื้อเข้าใจว่าดีตรงไหน ]
────────────────────
ผมคิดว่ายุคนี้หลายคนเมากับเทคนิคคอนเทนต์มากเกินไปครับ
ต้องโพสต์แบบไหน
ต้องทำคลิปแบบไหน
ต้องยิงแอดยังไง
ต้องตามแพลตฟอร์มอะไร
แต่บางครั้งเราลืมคำถามที่ใหญ่กว่านั้นมาก
แบรนด์เรามีเหตุผลให้ลูกค้าจ่ายแพงขึ้นหรือยัง
ลูกค้าเข้าใจคุณค่าของเราชัดพอหรือยัง
เราทำให้ของดีของเราน่าเชื่อถือมากพอหรือยัง
และเราสื่อสารออกไปชัดพอหรือยังว่า ทำไมเราจึงไม่ควรถูกเทียบกับของทั่วไป
นี่คือสิ่งที่เราไล่กันทั้งวันครับ
ตั้งแต่ Brand DNA, Value Engineering, Premium / Luxury Thinking, Brand Story, Visual Supremacy, High Ticket Psychology, Premium Value Communication ไปจนถึงการใช้ AI เป็น Partner ช่วยคิด วิเคราะห์ แตกมุมขาย และสรุปแผนให้เอาไปใช้ต่อได้จริง
สิ่งที่ผมอยากให้ทุกคนกลับไป ไม่ใช่แค่แรงบันดาลใจ แต่คือ #วิธีคิดใหม่ ในการทำให้ของดีมีราคา ทำให้แบรนด์มีอำนาจ และทำให้ลูกค้าเห็นคุณค่าก่อนถามราคา
และตอนจบคลาส ผมรู้สึกได้เลยว่า หลายคนไฟลุกมากครับ 
หลายคนเริ่มเห็นว่า เราสามารถขายของคุณภาพดีในราคาที่ดีได้จริง
เราสามารถทำให้ลูกค้าเข้าใจเหตุผลของราคาได้จริง
เราสามารถยกระดับภาพจำของแบรนด์ได้จริง
และเราสามารถทำให้ของดีของเรา ไม่ต้องลงไปแข่งถูกตลอดเวลาได้จริง
ตลอดหลายรุ่นที่ผ่านมา มีเจ้าของกิจการ ผู้บริหาร นักการตลาด และทีมขายจากกว่า 200 บริษัทเข้ามาร่วมสัมมนากับเราแล้ว รวมถึงผู้เรียนออนไลน์อีกเกือบ 1,000 คน
สำหรับผม ตัวเลขนี้ไม่ใช่แค่จำนวนผู้เรียน แต่เป็นสัญญาณว่าเจ้าของกิจการยุคนี้เริ่มเข้าใจแล้วว่า การทำธุรกิจให้โตอย่างมีมูลค่า ไม่ได้เริ่มจากการลดราคา แต่เริ่มจากการทำให้ตลาดเข้าใจคุณค่าของเราให้ชัดขึ้น
ขอบคุณทุกท่านที่ไว้วางใจมาเรียนกับผมในรุ่น 4 ครับ
ผมดีใจมากที่ได้อยู่ในห้องเดียวกับเจ้าของกิจการคุณภาพแบบนี้ และดีใจที่ได้เห็นหลายท่านกลับไปพร้อมแววตาใหม่ มุมคิดใหม่ และความมั่นใจใหม่ในการยกระดับแบรนด์ของตัวเอง
สำหรับท่านที่ไม่ทันรุ่นนี้
รุ่นที่ 5 เปิดวันเรียนแล้วครับ
Premium Price Marketing, Luxury Branding
and AI-Powered Brand Strategy รุ่น 5
 วันที่ 23 สิงหาคม
 เวลา 09.00–17.00 น.
 สถานที่เดิม Siam Kempinski Bangkok
ราคาปกติรุ่น 5
18,900 บาท
จากราคาเต็ม 50,000 บาท
และเหมือนเดิมครับ
ผมจะเปิด Early Bird สำหรับคนที่อยากสมัครทันที
Early Bird รุ่น 5
9,900 บาท
เฉพาะ 10 ท่านแรกเท่านั้น
ถ้าคุณเป็นเจ้าของกิจการ ผู้บริหาร นักการตลาด ทีมขาย หรือคนสร้างแบรนด์ที่มีของดีอยู่แล้ว แต่อยากทำให้ลูกค้าเห็นคุณค่า ยืนราคาได้ดีขึ้น และทำให้แบรนด์มีอำนาจมากขึ้นในตลาด
รุ่นที่ 5 เจอกันวันที่ 23 สิงหาคมนี้ครับ
ขอบคุณทุกความไว้วางใจครับ
พี่เบส แบรนด์กบฏ
#PremiumPriceMarketing
#LuxuryBranding
#AIPoweredBrandStrategy
#แบรนด์กบฏ
#วิชาหาเงินสำหรับเจ้าของกิจการ
#ของดีต้องมีราคา
#ยืนราคาได้คืออำนาจ
#เหตุผลของราคา
#PremiumBranding","2d","40","18","0","https://www.facebook.com/BestWinbiz/posts/pfbid02MZiFtLSMyDQSPVhYwFZ6pRsbBL99cMwfJ2hR3Scx9Cdjbb9Txz5oxhYEwXF73VxBl","https://scontent.fcnx2-1.fna.fbcdn.net/v/t39.99422-6/735287107_2101908330740023_4869428574735318414_n.png?stp=dst-jpg_tt6&cstp=mx1477x1108&ctp=s590x590&_nc_cat=105&ccb=1-7&_nc_sid=833d8c&_nc_eui2=AeGHEZAHpLmvm_MBKB1EdUNkCN6k9V4Wwl0I3qT1XhbCXeh414lwlsmglGZl9AJPzNhwvv1eW4xJWqm-CUrIOy0Z&_nc_ohc=Tuhs4LE23gsQ7kNvwHE-1lA&_nc_oc=Ado5nEfNM0M7j10M91dQQ8-fUxxZkY5Z5NFi4F0mKeHkAiBEcQuQMt8Z_b1Dc0Q7Ew8&_nc_zt=14&_nc_ht=scontent.fcnx2-1.fna&_nc_gid=FpHcCs-W8CBOollSZKtj2Q&_nc_ss=7a2a8&oh=00_AQC2ahkmuy-h_pCKrlb9bkknBrmoHW1fzIm3Q8omv30hDg&oe=6A4A937F; https://scontent.fcnx2-1.fna.fbcdn.net/v/t39.99422-6/735205338_2250339225738901_3657985798055988940_n.png?stp=dst-jpg_tt6&cstp=mx1477x1108&ctp=s590x590&_nc_cat=108&ccb=1-7&_nc_sid=833d8c&_nc_eui2=AeG475N-BS_Br7w9hGnLOnqNlCgvZNB8EgqUKC9k0HwSCp8YNraevQtwFXRk7j4brll0tFVW2g5CQ-15lDaOsWNH&_nc_ohc=2Qt5VEG2l-MQ7kNvwH_3xDW&_nc_oc=AdpJ_Wepaj3lIOvjh_zC1MVyiSCB0Ul6jM7xKeycdBTsXuhWIKZs2ZFmoqaKfiXMshQ&_nc_zt=14&_nc_ht=scontent.fcnx2-1.fna&_nc_gid=FpHcCs-W8CBOollSZKtj2Q&_nc_ss=7a2a8&oh=00_AQDfDlergnOJLMNrp7os06MgeIZbiqFCLiDMZeGMw4q3Gw&oe=6A4A9CBA; https://scontent.fcnx2-1.fna.fbcdn.net/v/t39.99422-6/732747556_4477761389209194_6113567879697805939_n.png?stp=dst-jpg_tt6&cstp=mx1477x1108&ctp=s590x590&_nc_cat=109&ccb=1-7&_nc_sid=833d8c&_nc_eui2=AeHtcaCfkwtGKpItdgpTcPgRtUc6tlKM-A21Rzq2Uoz4DbXCy-PWBv-_QY5Apbi1yMzLbC76PFzxMHNSDiYSfi3b&_nc_ohc=2t3TWdXu0oUQ7kNvwEGvJLk&_nc_oc=Adqwm3P9_nvOJrnJDdlUOfg1_G58YiQBGkueiEhhflPHkZW-RqyC9AcxiVrXihDZXnw&_nc_zt=14&_nc_ht=scontent.fcnx2-1.fna&_nc_gid=FpHcCs-W8CBOollSZKtj2Q&_nc_ss=7a2a8&oh=00_AQCg8jyBjn-R-8m9D15KXyUM8xJxc017MjGAbAB-_nH_WA&oe=6A4AC069; https://scontent.fcnx2-1.fna.fbcdn.net/v/t39.99422-6/732813588_4304131959901606_369185459027895373_n.png?stp=dst-jpg_tt6&cstp=mx1477x1108&ctp=s590x590&_nc_cat=104&ccb=1-7&_nc_sid=833d8c&_nc_eui2=AeGc6r3Ldftdt0lCdQYVMAxhcis8XNkxoUtyKzxc2TGhS16ckIB3eHy0gaO1YD5SWcf5vvndPAZpIwLoEcHuYmDr&_nc_ohc=yyuWHDMlCJYQ7kNvwHWNLCN&_nc_oc=AdoZZobIKNYf4OJ4QvfCV_dwJC1nf14NMrOG2yFqChjY1ikSxKPzVYbHQ4L9nfGwfCo&_nc_zt=14&_nc_ht=scontent.fcnx2-1.fna&_nc_gid=FpHcCs-W8CBOollSZKtj2Q&_nc_ss=7a2a8&oh=00_AQDJyjaQGEBurW093-X-FV5OtuIVAGk5kdQ3qygu8eyeSg&oe=6A4AB525; https://scontent.fcnx2-1.fna.fbcdn.net/v/t39.99422-6/732045787_1564865888406000_3512852893446570877_n.png?stp=dst-jpg_tt6&cstp=mx1477x1108&ctp=s590x590&_nc_cat=100&ccb=1-7&_nc_sid=833d8c&_nc_eui2=AeGspEcxtWwb5IzDoz4H0qMzt-oRb11Lumq36hFvXUu6arnHaf_ALQa6oOomsgNqwxSGJTsmfqGkdZxsKvskG4_D&_nc_ohc=FU2V9ph_YbIQ7kNvwFSPlSk&_nc_oc=Adri5H-mA8qMEjahLUB0BihUDZOQ57_IWd-NJQK9pWvfn569BJk_13UDs4U4K5bkjNg&_nc_zt=14&_nc_ht=scontent.fcnx2-1.fna&_nc_gid=FpHcCs-W8CBOollSZKtj2Q&_nc_ss=7a2a8&oh=00_AQC7HCbZ6DC81uy6W1sQmr49n_Jge8xghgEtM7TNLke97g&oe=6A4AC2ED","","image",""
"Satasak Noppachaianan","The Secret Of Luxury Branding รุ่นที่ 4 
วันนี้ได้มาเรียนกับ พี่เบส ธีระวัฒน์ วิไลรัตน์  เนื้อหาเข้มข้นมากคับ จุกๆในความรู้ และ ได้ตัดแต่ง Candlestick cafe คมขึ้นเยอะเลยคับ","2d","18","2","0","https://www.facebook.com/satasak.noppachaianan/posts/pfbid02viMdbYBmkkFCaK3PLchYLsgCU5fp7JwqqUEVkPrXAJL7i1BVSKB3XYi8k9iNDxrCl","https://scontent.fcnx2-1.fna.fbcdn.net/v/t39.99422-6/734171762_2184651022322452_7830547974583796989_n.png?stp=dst-jpg_tt6&cstp=mx1108x1477&ctp=p526x296&_nc_cat=106&ccb=1-7&_nc_sid=833d8c&_nc_eui2=AeHZyMr9rOh7x-Jb2PCeF7XwhVPZFJ6Rd_6FU9kUnpF3_q3f7AdzJxanfwOAkmiyfSCMqGsxlkMG9fUuZHecppJ2&_nc_ohc=f8nMZ2qusA8Q7kNvwEpeWOU&_nc_oc=Adpbww9BrGIi5ycJQ792t_T6mgbAFp88Cjt7Z5BwtnQyHfBQjiKpiSvYtNnSbUUw4Q8&_nc_zt=14&_nc_ht=scontent.fcnx2-1.fna&_nc_gid=FpHcCs-W8CBOollSZKtj2Q&_nc_ss=7a2a8&oh=00_AQBxm9fyheEDQ33TNWk51kRyb4Qhhunlsptw9kkxQbp66A&oe=6A4A9772","","image",""
"เนย กรณัท คชธรวฤนท์","วันนี้มาเรียน The Secret Of Luxury Branding รุ่นที่ 4 
กับพี่เบส ธีระวัฒน์ วิไลรัตน์ เนื้อหาเข้มข้นมากคะ  ขอบคุณพี่เบสมากๆค่ะ","2d","7","0","0","https://www.facebook.com/numum.km/posts/pfbid035teRx78CnmwwT7xryTQG1kbPk28yVQKNCbPEWrF52reouwEUEBU2r4teqcVH9aYkl","https://scontent.fcnx2-1.fna.fbcdn.net/v/t39.30808-6/733704817_4938526739707533_5917978730746606271_n.jpg?stp=dst-jpg_tt6&cstp=mx1152x2048&ctp=s590x590&_nc_cat=107&ccb=1-7&_nc_sid=833d8c&_nc_eui2=AeG_6ITn7DXwYNztzSFSCdFirlBMAyNh-IOuUEwDI2H4gy9zL-Ugv5BRH4Qru7qoloiQZTDhdfLEY3nuZzhkp8wy&_nc_ohc=NqHj21UDfZMQ7kNvwGtwfi0&_nc_oc=AdrDHNNz40nkCnU71093dpCmHq6eZ6cTO-kg_rH6S6RRSKluygNTStA30PPTly-Zx3Q&_nc_zt=23&_nc_ht=scontent.fcnx2-1.fna&_nc_gid=9jjs1D4V8bjp8ZHe1Wj3Bw&_nc_ss=7a2a8&oh=00_AQAaQvBMk90AxPTNRsPgbLrl6qyzMGgxMxrMafVXx1mB0A&oe=6A4AA50F; https://scontent.fcnx2-1.fna.fbcdn.net/v/t39.30808-6/732637582_4938526763040864_8190614558186417810_n.jpg?stp=dst-jpg_tt6&cstp=mx1536x2048&ctp=s590x590&_nc_cat=103&ccb=1-7&_nc_sid=833d8c&_nc_eui2=AeH89AfxTP2RGfXwwF2IkywXuWkAJUS1BKi5aQAlRLUEqIBFOcpHm4bm-3gPZgiprv9IsFymr-aTA_iLtuVObMmH&_nc_ohc=Gt6A8KKWBE8Q7kNvwFcVbh3&_nc_oc=AdoFmNKwXR6zYaUFAEhdIN7R9YAHAbHHKHpusUwUphCRD_eX0gezjbmGJD5LmvsjzaE&_nc_zt=23&_nc_ht=scontent.fcnx2-1.fna&_nc_gid=9jjs1D4V8bjp8ZHe1Wj3Bw&_nc_ss=7a2a8&oh=00_AQASQ0m6HOEFWBF7hswElqz5XPL-zv8plAUStRzloiVNtw&oe=6A4AB874; https://scontent.fcnx2-1.fna.fbcdn.net/v/t39.30808-6/732733468_4938526813040859_292992108396638360_n.jpg?stp=dst-jpg_tt6&cstp=mx1536x2048&ctp=s590x590&_nc_cat=102&ccb=1-7&_nc_sid=833d8c&_nc_eui2=AeHhdg37jqqTVt1PwAeo7mKlNmc8OgCgN-U2Zzw6AKA35b_xlRAOJVmV1-ShBFgXQjkBpMuqGBdsHUES3ZVA-G7o&_nc_ohc=wwog7mmuoRsQ7kNvwH4jq6z&_nc_oc=AdrPAJ5EUh4S9CurkKln1l9sL6iyG5MR9slJNjJhIaBGSYtt-4FSLaypVpUlG0xJWng&_nc_zt=23&_nc_ht=scontent.fcnx2-1.fna&_nc_gid=9jjs1D4V8bjp8ZHe1Wj3Bw&_nc_ss=7a2a8&oh=00_AQCLZ_U0EBivV2DoJa8Y7hjThYPFeH0RLJghJ1EV5ALqpg&oe=6A4A9D24; https://scontent.fcnx2-1.fna.fbcdn.net/v/t39.30808-6/734313972_4938526819707525_1489898251231475981_n.jpg?stp=dst-jpg_tt6&cstp=mx1152x2048&ctp=s590x590&_nc_cat=102&ccb=1-7&_nc_sid=833d8c&_nc_eui2=AeGH8xjclpT3BmsMC9Cmqd7v-zIII-ftpLf7Mggj5-2kt8AepFfukvg6lyfgJgDuKE7DiLULC0pYATTs-XMhK5fy&_nc_ohc=g4ky-RiUW6sQ7kNvwFHVYNy&_nc_oc=AdqceG-w3oVRlMI5j4_UcKu2IsPkrtJjdbjTAvEDu0ywwrKhIVIXKZaEd9lErzEPNi4&_nc_zt=23&_nc_ht=scontent.fcnx2-1.fna&_nc_gid=9jjs1D4V8bjp8ZHe1Wj3Bw&_nc_ss=7a2a8&oh=00_AQBLW18x_vl9HbI3XtbBDtVyX-3VDOUBmjPAX831loBtiA&oe=6A4AA6DD; https://scontent.fcnx2-1.fna.fbcdn.net/v/t39.30808-6/733157140_4938526866374187_6576892049643822830_n.jpg?stp=dst-jpg_tt6&cstp=mx1152x2048&ctp=s590x590&_nc_cat=100&ccb=1-7&_nc_sid=833d8c&_nc_eui2=AeH0ZKAqabsDRjesnxnm9xJ5wf0t-jIJY3TB_S36MgljdJwk_dHesZnxUExjjXvwykiMw7RO-mT3NBlbBZ7Q5KRy&_nc_ohc=Ykuq6UnrkVIQ7kNvwEalZzU&_nc_oc=Adoxq8rWGsJgtn_gwmDLHlwzsmeD-Q2Q38rilAe1dkauoe4mYSMeZtnUhF_bfTijaCw&_nc_zt=23&_nc_ht=scontent.fcnx2-1.fna&_nc_gid=9jjs1D4V8bjp8ZHe1Wj3Bw&_nc_ss=7a2a8&oh=00_AQANrD9rv0R0fYGAk_hbFV99Rtu_hte1DsLBFw3GQnl64w&oe=6A4AA30A","","image",""
"พี่ไก่ ภัทรดร ปวรากรุตม์ is at Siam Kempinski Hotel Bangkok.","ผมลงเรียนมา 4 รอบ เข้มข้นและดีทุกรอบจริงๆ ครับ สมกับชื่อคลาส The Secret Of Luxury Branding ธีระวัฒน์ วิไลรัตน์ ยอดเยี่ยมเสมอครับพี่เบส","3d","32","2","0","https://www.facebook.com/phatpawarakarut/posts/pfbid02vpMzDT4GyWd9heZzCvUrDxkjWVDJMBtE2v2dNN916U2T3pmmHnggt4Nz4kfiCxZAl","https://scontent.fcnx2-1.fna.fbcdn.net/v/t39.99422-6/733309957_1745088249833857_7194617576404322306_n.png?stp=dst-jpg_tt6&cstp=mx2048x1536&ctp=s720x720&_nc_cat=101&ccb=1-7&_nc_sid=833d8c&_nc_eui2=AeENq5-w-1yGG2CNFUwYeCuu_a3FAQZtJ9j9rcUBBm0n2DH5nCINc5w_pdL9QlYyi9Gf9fxVAlpoaJlvQdWg5hlJ&_nc_ohc=UlEVMuvPw4AQ7kNvwHmXUpa&_nc_oc=AdpmqsDkso8u-I0UKlbbb7zCjOfXteiveThXWxLwLGE1MUDpFTvUYGm-Bpb-sltFJwY&_nc_zt=14&_nc_ht=scontent.fcnx2-1.fna&_nc_gid=9jjs1D4V8bjp8ZHe1Wj3Bw&_nc_ss=7a2a8&oh=00_AQCm9YUfcKSjiyIzw22sGkGwuesYUHwpoxFDoVgmAzypbA&oe=6A4AB98E","","image",""
"พี่เบส ธีระวัฒน์ วิไลรัตน์",""" ข้อมูลเนื้อหาความรู้จะต่างจากวิธีทำให้สำเร็จ "" #คุยให้รวย","","3","1","0","","","","text",""
"พี่เบส ธีระวัฒน์ วิไลรัตน์",""" ช่วงนี้จากที่ผมเจอเพื่อนๆหลายคนนะครับ สินค้าซ้ำตลาดยอดตกแรง สินค้า แปลก แตกต่างยอดเพิ่มมาก "" #แบรนด์กบฏ","2d","12","2","0","https://www.facebook.com/BestWinbiz/posts/pfbid0r8kvedvwZ2QgKqFC1bxsdxM5X4PEF1h6EMLRZQ5BAMWyMQPVSVBtfAbPPxNoKLWxl","","","text",""
"พี่เบส ธีระวัฒน์ วิไลรัตน์ is at The Grill Tokyo.","ทานข้าวเย็น 
 กินเหล้าเย็น","","8","0","0","https://www.facebook.com/BestWinbiz/posts/27877844105140899/","https://scontent.fcnx2-1.fna.fbcdn.net/v/t39.30808-6/731754716_27877842308474412_6671874099061505886_n.jpg?stp=cp6_dst-jpegr_tt6&cstp=mx1536x2048&ctp=s590x590&_nc_cat=102&ccb=1-7&_nc_sid=833d8c&_nc_eui2=AeH2d5M-Cj1Nu6kH1OfALyMvTJL1AVQKFyhMkvUBVAoXKBd77N8OE3jrAKOkww8YSLXyVD-dDyC-qS7vZaKOum7X&_nc_ohc=4waUQAQKE0QQ7kNvwGfNXXw&_nc_oc=Adri887Wl9TllwbkgVXnBRuZin5WtOMfINvt2T8UJNCi-G46wtmt21tTnRd88Kax9VM&_nc_zt=23&se=-1&_nc_ht=scontent.fcnx2-1.fna&_nc_gid=4ciXQfvJ__DLI5d0d69lIw&_nc_ss=7a2a8&oh=00_AQA3i4yY6nH2xnxIQSP3jPGDVwSk1L-AWNT--XpflDQrpQ&oe=6A4A9D99; https://scontent.fcnx2-1.fna.fbcdn.net/v/t39.30808-6/731094520_27877842651807711_8760128068367935054_n.jpg?stp=cp6_dst-jpegr_tt6&cstp=mx1536x2048&ctp=s590x590&_nc_cat=110&ccb=1-7&_nc_sid=833d8c&_nc_eui2=AeG8W01xN3GdW2tIO9Fi55hWsMjpb0zonDGwyOlvTOicMSdWnrHj2RzpvUHpY1MbXms2fKUCgi_O4Rn8DaQqJ__n&_nc_ohc=uPN7VUw5F_kQ7kNvwFtaEl1&_nc_oc=AdrGy4Vxp4zE_OwfjgRmtQBzj4eIf0Chywz5RtXd5hZQOug8UfLIMAViXOrVjLDDBNg&_nc_zt=23&se=-1&_nc_ht=scontent.fcnx2-1.fna&_nc_gid=4ciXQfvJ__DLI5d0d69lIw&_nc_ss=7a2a8&oh=00_AQCcandN2PsFQfaDMeHKPHHA44mFgbVyCoYiNYoea7BBVA&oe=6A4ABEEC; https://scontent.fcnx2-1.fna.fbcdn.net/v/t39.99422-6/731808091_1284627823744609_7231751382950958927_n.png?stp=dst-jpg_tt6&cstp=mx1536x2048&ctp=s590x590&_nc_cat=110&ccb=1-7&_nc_sid=833d8c&_nc_eui2=AeEVFYftBf5ssNWqHi5nP76ju7SxjWSxVNW7tLGNZLFU1Qg9NHfx9MTxWAzl6df_nRXDWbydghd-T5hdnnhrAIRf&_nc_ohc=cscN4tKCApsQ7kNvwHYYVHT&_nc_oc=AdoZDDGcW9XYKCXYHpDmD650L_JB098v_vksuVan1sUxZE6VS8wsEbDT5l9KOjkgFAc&_nc_zt=14&_nc_ht=scontent.fcnx2-1.fna&_nc_gid=4ciXQfvJ__DLI5d0d69lIw&_nc_ss=7a2a8&oh=00_AQBOsWSKdG21cqCCgcBxUKqVvOLc6z0ZZXfc8E7hg9WoiQ&oe=6A4AAE78; https://scontent.fcnx2-1.fna.fbcdn.net/v/t39.99422-6/728234864_2242765569890356_4831369693621541551_n.png?stp=dst-jpg_tt6&cstp=mx1536x2048&ctp=s590x590&_nc_cat=109&ccb=1-7&_nc_sid=833d8c&_nc_eui2=AeEyltSLF6uSVaaYjBq1w0UHxngNv_NpptDGeA2_82mm0PtKcl8KQwlPLUP4Zu5bGgY8Sb3EAJ8GruZBCJUrU21k&_nc_ohc=23gI43XEndoQ7kNvwELGzIG&_nc_oc=Adqpifz20WdiU1QomoKELp1azGP_MGWGk3hq-Ne5fW1stOSFR6pmjoJgXW2aZ4D0zTg&_nc_zt=14&_nc_ht=scontent.fcnx2-1.fna&_nc_gid=4ciXQfvJ__DLI5d0d69lIw&_nc_ss=7a2a8&oh=00_AQArC2gD-TvZObVE7sajJ9wYa3PlBKI0TdQVaYhTFCgFJA&oe=6A4AA4FA; https://scontent.fcnx2-1.fna.fbcdn.net/v/t39.99422-6/731983480_999437312870637_1863925686142965152_n.png?stp=dst-jpg_tt6&cstp=mx1536x2048&ctp=s590x590&_nc_cat=102&ccb=1-7&_nc_sid=833d8c&_nc_eui2=AeGIZFIv9tObsvppawxWmuwipUL_YkSuDLmlQv9iRK4MuT1Sopheu7Il5phjGMzaJoqf8QgoHbiqjz42W_Tq3zZY&_nc_ohc=XyIX-5SJm_kQ7kNvwHHx4Uj&_nc_oc=Adoj3oYI9RW4qpm4uTnnchdAGm8jasTC-QC1uogU_BVyEkmJ_5eoYmH-mkOdQ7FxH_s&_nc_zt=14&_nc_ht=scontent.fcnx2-1.fna&_nc_gid=4ciXQfvJ__DLI5d0d69lIw&_nc_ss=7a2a8&oh=00_AQBybeFIu2lfainSpZk2Hm5N3ID0NwMH-Rme2ru1Ay03Qw&oe=6A4A9EFA","","image",""
"พี่เบส ธีระวัฒน์ วิไลรัตน์ is with Kate USmile at Siam Kempinski Hotel Bangkok.","วันนี้ได้มาลองนอนโรงแรมคืนละ 60,000 บาทดูนะครับเนื่องจากว่าเราเป็นลูกค้า VIP ของโรงแรมสยามเคมปินสกี้ วันนี้เขาก็เชิญเรามานอนคืนนึงครับพรุ่งนี้มีงานสัมมนาที่นี่ครับ ต้องบอกว่าโรงแรมสวยมากนะครับ แล้วก็ นี่แหละครับ luxury branding จริงๆที่เป็น luxury experience","","35","9","0","","https://scontent.fcnx2-1.fna.fbcdn.net/v/t15.5256-10/730320603_1039786681907659_905972097886922367_n.jpg?stp=dst-jpg_tt6&cstp=mx1080x1920&ctp=p960x960&_nc_cat=108&ccb=1-7&_nc_sid=5fad0e&_nc_eui2=AeHdlrl_CFvKPruidrYcljE3cfLa16EKsnpx8trXoQqyeoQhi2V3kJ9TeF9wtIkSoufbl-D9WuLP9jQalaBiUscJ&_nc_ohc=dfKxmupSDCEQ7kNvwFs2J9F&_nc_oc=Adrwo5r-q49sEYimWDzPSxmIqyjjsVhLQQqOGXJG9bXgFJ90eih0sSuehDoLy55jy84&_nc_zt=23&_nc_ht=scontent.fcnx2-1.fna&_nc_gid=4ciXQfvJ__DLI5d0d69lIw&_nc_ss=7a2a8&oh=00_AQAZVHoW6nGVl7eg1dH8WmTuwdLvC2LdxPNzAJNrgp8DzA&oe=6A4AA31F","https://www.facebook.com/reel/1312875967633578/","video",""
"พี่เบส ธีระวัฒน์ วิไลรัตน์","ตั้งแต่ติดตามพี่หมอท๊อปชีวิตผมดีขึ้นเยอะเลยครับด้านสุขภาพทั้งกายและใจ","3d","4","1","0","https://www.facebook.com/BestWinbiz/posts/pfbid02pevDjMT2G6wREtqXG3vqmMzGXPrW2ifTU65vo82Jw43qCSazGn1ywrTiJcxEikQXl","https://scontent.fcnx2-1.fna.fbcdn.net/v/t39.99422-6/732117208_1298571029153186_538992719805112299_n.png?stp=dst-jpg_tt6&cstp=mx1364x1704&ctp=s590x590&_nc_cat=111&ccb=1-7&_nc_sid=127cfc&_nc_eui2=AeGJXHjOEdMi1hnNGT68MzjO5d3rtIduW3Dl3eu0h25bcNn8U74k1536Ux-nFo21TchHJg5B4mQxbNkUR9zDcUHT&_nc_ohc=G_1kmxYYSO8Q7kNvwFyHB6K&_nc_oc=Ado95vTmUPPPlMyRFEHDyRyuXLwkSum4jvmS1bXM8CNY5x8pat-Xy4bYpIAJqaX7NlE&_nc_zt=14&_nc_ht=scontent.fcnx2-1.fna&_nc_gid=GMj7GysELb18FsZZDOCljA&_nc_ss=7a2a8&oh=00_AQAZsFf3Xnndzu3RJ78JCa3QK2souwW9cdsgzGZuwUrJ5g&oe=6A4A92CA; https://scontent.fcnx2-1.fna.fbcdn.net/v/t39.99422-6/731787712_1983958102245897_3345096522076699653_n.png?stp=dst-jpg_tt6&cstp=mx1091x1363&ctp=s590x590&_nc_cat=104&ccb=1-7&_nc_sid=127cfc&_nc_eui2=AeGiUiwWI4omZeFkS1knJtA6F14iPio73ZMXXiI-Kjvdkz_-Vb7EAvqKNkGkCdgtunU3AEibgFtmEaT1gKORS961&_nc_ohc=sVx7sYHAlYwQ7kNvwGPyJtW&_nc_oc=AdrpD9SYL_8k5S6GRNZnm3y5llTHA7FH4cHoNj6-V1bwNGKehNoUJteqaXnlTVnWF2Y&_nc_zt=14&_nc_ht=scontent.fcnx2-1.fna&_nc_gid=GMj7GysELb18FsZZDOCljA&_nc_ss=7a2a8&oh=00_AQAerd_o6uRk4lGZsCNRnUaG5GJzatCDZ1Ay0WSmCxuksQ&oe=6A4AB60C; https://scontent.fcnx2-1.fna.fbcdn.net/v/t39.99422-6/731823518_1722607375533462_3427366265929291595_n.png?stp=dst-jpg_tt6&cstp=mx1091x1363&ctp=s590x590&_nc_cat=109&ccb=1-7&_nc_sid=127cfc&_nc_eui2=AeGyE8hKI1d-wallRyjpJ7xh3bL0XTfcb7XdsvRdN9xvtXW-SKazi6vLdM2WhK6bFyL_yNAdhcB7Bdu81SoU0WCA&_nc_ohc=dE96B32kxH8Q7kNvwFIxvpD&_nc_oc=AdoehcN-iuB5BQBjJpCc48BP2MbGw_ZGbSlvAiUSEvllK22294xXYX970zFjr0E67XU&_nc_zt=14&_nc_ht=scontent.fcnx2-1.fna&_nc_gid=GMj7GysELb18FsZZDOCljA&_nc_ss=7a2a8&oh=00_AQDKSMTlQaDlAbSeMLgbXXHVvs_yQBGWOvR386D9xFUtGg&oe=6A4AC7D6; https://scontent.fcnx2-1.fna.fbcdn.net/v/t39.99422-6/728969795_1664332644856416_5529278342474386956_n.png?stp=dst-jpg_tt6&cstp=mx1364x1704&ctp=s590x590&_nc_cat=110&ccb=1-7&_nc_sid=127cfc&_nc_eui2=AeEEN3KNMbjXwoh30gZV6SIiGwFGnj80k-cbAUaePzST5-Mo73ZNkmk-8NIbee1wMVFr8WAN3PplJ15edcrkY7p2&_nc_ohc=Tcwtw-GIyBgQ7kNvwG5JEGq&_nc_oc=AdqO_9jyVAYe6uQbO1c7750_Xg_JKGQSeuYuajyNwgzgG9XAIW6SdT-I6vy_ty2mdbM&_nc_zt=14&_nc_ht=scontent.fcnx2-1.fna&_nc_gid=GMj7GysELb18FsZZDOCljA&_nc_ss=7a2a8&oh=00_AQDCPRhIs5hq0D7trvULCj1Cafu1j9jJVWhbZNbXP3nNhw&oe=6A4A939F; https://scontent.fcnx2-1.fna.fbcdn.net/v/t39.99422-6/732011496_996775663196115_6033948389851165391_n.png?stp=dst-jpg_tt6&cstp=mx1091x1363&ctp=s590x590&_nc_cat=104&ccb=1-7&_nc_sid=127cfc&_nc_eui2=AeEUZdowiGvlThLAp-ccoh3UU7rAyZsYZbRTusDJmxhltAUpJ9jbAAkmWgRaQJWLWOkbsGqw9xNW2wb41eJR27eG&_nc_ohc=M20_zGVXpbMQ7kNvwE3lPgy&_nc_oc=Adrzt8PznxQitr8uKwRt4zhG2eoHZSZ-gZXphiNfW4pZSX_pAd5atAXK7s-_0NJPoGE&_nc_zt=14&_nc_ht=scontent.fcnx2-1.fna&_nc_gid=GMj7GysELb18FsZZDOCljA&_nc_ss=7a2a8&oh=00_AQCmR6Ht9bcP-O0MuW9WCSH3-LuwlXYXtFnTe_aRIAC1eQ&oe=6A4A9FA4","","image",""
"พี่เบส ธีระวัฒน์ วิไลรัตน์","101 วิชาหาเงิน #เริ่มจากศูนย์จนถึงเป็นเศรษฐี
#ตอนที่17: สินค้าดีอย่างเดียวไม่พอ ถ้า “ข้อเสนอ” ยังไม่น่าตัดสินใจ 
บางธุรกิจไม่ได้ขายไม่ได้
เพราะสินค้าห่วยครับ
แต่ขายไม่ได้
เพราะลูกค้ายังไม่รู้สึกว่า…
“ข้อเสนอนี้ ฉันควรตัดสินใจตอนนี้”
นี่คือจุดที่เจ้าของกิจการจำนวนมากพลาด
เราทำสินค้าดี
เรามีบริการดี
เรามีความรู้จริง
เรามีประสบการณ์จริง
เรามีความตั้งใจจริง
แต่พอถึงเวลาขาย
เรากลับพูดแค่ว่า…
“สินค้าราคาเท่านี้ครับ”
“คอร์สราคาเท่านี้ครับ”
“บริการนี้มีสิ่งนี้ให้ครับ”
“สนใจทักได้ครับ”
ข้อมูลครบครับ
แต่ยังไม่ใช่ข้อเสนอที่มีพลังพอ
เพราะลูกค้าไม่ได้ตัดสินใจจากสินค้าอย่างเดียว
ลูกค้าตัดสินใจจากภาพรวมว่า…
สิ่งนี้แก้ปัญหาอะไร
ทำไมเหมาะกับเขา
ทำไมคุ้ม
ทำไมเชื่อถือได้
ทำไมควรเลือกเรา
และทำไมควรเริ่มตอนนี้
(ตรงนี้สำคัญมากครับ)
━━━━━━━━━━━━
[ สินค้าคือสิ่งที่คุณขาย
แต่ข้อเสนอคือเหตุผลทั้งหมด
ที่ทำให้ลูกค้ารู้สึกว่า “ควรซื้อ” ]
#ข้อเสนอที่ขายได้
#OfferStrategy
#วิชาหาเงิน
━━━━━━━━━━━━
#วิชาหาเงินข้อที่35
ลูกค้าไม่ได้ซื้อแค่สินค้า แต่ซื้อ “ข้อเสนอที่สมเหตุสมผลพอ”
นี่คือเรื่องที่น่าทึ่งมากครับ
สินค้าตัวเดียวกัน
ถ้าจัดข้อเสนอไม่ดี
ลูกค้ารู้สึกว่าแพง
แต่สินค้าตัวเดียวกัน
ถ้าจัดข้อเสนอได้ดี
ลูกค้ากลับรู้สึกว่า
“อันนี้คุ้ม”
เพราะข้อเสนอที่ดี
ไม่ได้ทำหน้าที่แค่บอกว่า
คุณขายอะไร
แต่มันทำหน้าที่ 5 อย่างพร้อมกัน
1. ทำให้ลูกค้าเห็นปัญหาของตัวเอง
2. ทำให้ลูกค้าเห็นผลลัพธ์ที่อยากได้
3. ทำให้ลูกค้าเชื่อว่าคุณช่วยเขาได้
4. ทำให้ลูกค้ารู้สึกว่าราคาสมเหตุสมผล
5. ทำให้ลูกค้าตัดสินใจง่ายขึ้น
นี่คือเหตุผลว่า
ทำไมบางธุรกิจไม่ได้ลดราคา
แต่ยอดขายดีขึ้น
เพราะเขาไม่ได้ลดราคา
เขาเพิ่มความชัดของข้อเสนอ
━━━━━━━━━━━━
[ ข้อเสนอที่ดี
ทำให้ลูกค้ารู้สึกว่า
การจ่ายเงินครั้งนี้ไม่ใช่ค่าใช้จ่าย
แต่เป็นการตัดสินใจที่ฉลาด ]
#ขายแบบมีเหตุผล
#ทำให้ลูกค้าตัดสินใจง่าย
#PremiumSelling
━━━━━━━━━━━━
คนส่วนมากทำข้อเสนอแบบ “กองของรวมกัน”
อันนี้เจอบ่อยมากครับ
หลายธุรกิจคิดว่า
ถ้าอยากให้ลูกค้ารู้สึกคุ้ม
ต้องใส่ของเยอะ ๆ
แถมเยอะ ๆ
เพิ่มเยอะ ๆ
ให้เยอะ ๆ
พูดเยอะ ๆ
ใส่รายละเอียดเยอะ ๆ
แต่ความจริงคือ…
ของเยอะ
ไม่ได้แปลว่าข้อเสนอน่าซื้อ
บางครั้งของเยอะเกินไป
ลูกค้ายิ่งงง
เพราะเขาไม่รู้ว่า
อะไรคือแก่น
อะไรสำคัญ
อะไรช่วยเขาจริง
อะไรเป็นของแถม
และทำไมทั้งหมดนี้ควรค่าแก่เงินที่จ่าย
ข้อเสนอที่ดี
ไม่ใช่การยัดทุกอย่างให้ดูเยอะ
แต่คือการจัดทุกอย่าง
ให้ลูกค้ารู้สึกว่า…
“อันนี้คิดมาเพื่อฉันจริง ๆ”
━━━━━━━━━━━━
ผมยกตัวอย่างให้เห็นภาพนะครับ 
ถ้าคุณขายคลาสธุรกิจ
แบบธรรมดาอาจพูดว่า
“เรียน 1 วัน
มีเอกสาร
มี Workshop
มี AI
สถานที่ดี
ราคา 12,900 บาท”
ข้อมูลครบครับ
แต่ลูกค้าอาจยังไม่เห็นภาพ
เขาอาจคิดว่า
“คอร์สนี้ต่างจากคอร์สอื่นอย่างไร?”
“คุ้มไหม?”
“เรียนแล้วเอาไปใช้ได้จริงหรือเปล่า?”
“ทำไมต้อง 12,900 บาท?”
“ทำไมต้องไปเรียนตอนนี้?”
แต่ถ้าจัดข้อเสนอใหม่แบบนี้
“คลาสนี้ออกแบบมาสำหรับเจ้าของกิจการ
ที่มีของดี แต่ยังขายได้ไม่สมราคา
ใน 1 วัน เราจะพาคุณจัดระบบใหม่ตั้งแต่
แก่นแบรนด์
ตำแหน่งพรีเมี่ยม
คุณค่าที่ลูกค้ามองเห็น
เรื่องเล่า
ภาพจำ
การตั้งราคา
ทีมขาย
และการใช้ AI ช่วยเร่งการลงมือทำ
เป้าหมายไม่ใช่แค่ให้คุณได้ความรู้
แต่ให้คุณกลับไปเห็นชัดขึ้นว่า
ธุรกิจของคุณควรยกระดับตรงไหน
เพื่อให้ลูกค้าเห็นคุณค่าก่อนถามราคา”
เห็นไหมครับ
ราคาเท่าเดิม
แต่ความรู้สึกของข้อเสนอเปลี่ยนทันที
จาก “คอร์ส 1 วัน”
กลายเป็น “วันที่ช่วยให้เจ้าของกิจการมองธุรกิจตัวเองใหม่”
นี่แหละครับ
คือพลังของข้อเสนอ
━━━━━━━━━━━━
อีกตัวอย่างหนึ่งครับ
ถ้าคุณขายสินค้าสุขภาพ
แบบธรรมดาอาจพูดว่า
“ผงผัก 20 ชนิด
กระปุกละ 990 บาท
ทานง่าย
สนใจทักได้”
แต่ถ้าจัดข้อเสนอให้ดีขึ้น
“สำหรับคนที่รู้ว่าตัวเองกินผักน้อย
ไม่มีเวลาดูแลสุขภาพจริงจัง
แต่ไม่อยากปล่อยให้ร่างกายแย่ลงเรื่อย ๆ
ตัวนี้คือทางเริ่มต้นง่าย ๆ
ที่ช่วยให้คุณเติมสิ่งดี ๆ ให้ร่างกายทุกวัน
โดยไม่ต้องเปลี่ยนชีวิตให้ยุ่งยาก
เหมาะกับคนทำงานหนัก
เจ้าของกิจการ
คนที่ไม่มีเวลาทำอาหารสุขภาพ
และคนที่อยากเริ่มดูแลตัวเองแบบทำได้จริง”
สินค้าเดิมครับ
แต่ข้อเสนอไม่เหมือนเดิม
เพราะลูกค้าไม่ได้เห็นแค่ผงผัก
เขาเห็นตัวเอง
เห็นปัญหาของตัวเอง
เห็นทางออก
และเห็นเหตุผลว่าทำไมสิ่งนี้เกี่ยวกับชีวิตเขา
━━━━━━━━━━━━
[ ข้อเสนอที่ดี
ไม่ได้เริ่มจาก “เรามีอะไร”
แต่เริ่มจาก “ลูกค้ากำลังเจออะไร” ]
#เข้าใจลูกค้าก่อนขาย
#ขายจากPain
#ข้อเสนอที่มีพลัง
━━━━━━━━━━━━
#วิชาหาเงินข้อที่36
ข้อเสนอที่แข็งแรง ต้องมี 7 ส่วน
ถ้าคุณอยากขายสินค้า บริการ หรือคอร์สราคาสูง
ลองเช็ก 7 ส่วนนี้ครับ 
1. กลุ่มลูกค้าที่ชัด
ข้อเสนอนี้เหมาะกับใคร
ยิ่งตอบชัด
ยิ่งขายง่าย
อย่าพูดว่า
เหมาะกับทุกคน
ให้พูดให้ชัดว่า
เหมาะกับเจ้าของกิจการที่มีของดี
แต่ยังขายได้ไม่สมราคา
เหมาะกับธุรกิจที่อยากออกจากสงครามราคา
เหมาะกับคนที่อยากยกระดับแบรนด์
ให้ลูกค้าเห็นคุณค่าก่อนถามราคา
เมื่อกลุ่มชัด
คนที่ใช่จะรู้สึกว่า
“อันนี้พูดกับฉัน”
━━━━━━━━━━━━
2. Pain ที่แรงพอ
ข้อเสนอที่ดี
ต้องเริ่มจาก Pain ที่ลูกค้ารู้สึกจริง
ไม่ใช่ Pain ที่เราคิดไปเอง
Pain ที่ดีต้องเจ็บพอ
สำคัญพอ
และลูกค้าอยากแก้จริง
เช่น
ขายดีแต่กำไรบาง
ลูกค้าต่อราคาตลอด
ของดีแต่ถูกมองเป็นของทั่วไป
แบรนด์ไม่มีภาพจำ
ขึ้นราคาไม่ได้
ทีมขายอธิบายคุณค่าไม่เป็น
Pain ชัด
เงินขยับง่ายขึ้น
━━━━━━━━━━━━
3. ผลลัพธ์ที่ลูกค้าอยากได้
อย่าขายแค่สิ่งที่ให้
ให้ขายสิ่งที่เขาอยากได้หลังจากนั้น
เช่น
อยากตั้งราคาได้มั่นใจ
อยากขายได้ในราคาที่ดีขึ้น
อยากมีแบรนด์ที่ดูพรีเมี่ยม
อยากให้ลูกค้าเห็นคุณค่า
อยากเลิกแข่งกับของถูก
อยากมีแผนกลับไปใช้จริง
ผลลัพธ์ทำให้ข้อเสนอมีแรงดึงดูด
━━━━━━━━━━━━
4. เหตุผลว่าทำไมคุณช่วยเขาได้
ลูกค้าไม่ได้เชื่อเพราะคุณบอกว่า
“ช่วยได้”
เขาเชื่อเพราะคุณอธิบายได้ว่า
คุณช่วยอย่างไร
มี Framework อะไร
มีกระบวนการอะไร
มีประสบการณ์อะไร
มีตัวอย่างอะไร
มีหลักฐานอะไร
มีวิธีคิดอะไรที่ต่างจากคนอื่น
นี่คือส่วนที่สร้างความน่าเชื่อถือ
━━━━━━━━━━━━
5. ความต่างจากทางเลือกอื่น
ถ้าไม่อธิบายความต่าง
ลูกค้าจะใช้ราคาเปรียบเทียบ
ต้องตอบให้ได้ว่า
ทำไมข้อเสนอนี้ไม่เหมือนคนอื่น
ต่างที่มุมคิด
ต่างที่ความลึก
ต่างที่ประสบการณ์
ต่างที่การลงมือทำ
ต่างที่ผลลัพธ์
ต่างที่การใช้ AI
ต่างที่การเชื่อมกับธุรกิจจริง
ความต่างที่ชัด
ทำให้ลูกค้าเทียบราคาน้อยลง
━━━━━━━━━━━━
6. การลดความเสี่ยง
ลูกค้ากลัวตัดสินใจผิด
ดังนั้นข้อเสนอที่ดี
ต้องช่วยลดความเสี่ยงให้เขา
เช่น
อธิบายว่าเหมาะกับใคร
ไม่เหมาะกับใคร
เรียนแล้วได้อะไร
ต้องเตรียมตัวยังไง
หลังซื้อจะได้รับอะไร
มี Workshop อย่างไร
มีหลักฐานอะไร
และทำไมราคานี้สมเหตุสมผล
ยิ่งความเสี่ยงลด
การตัดสินใจยิ่งง่าย
━━━━━━━━━━━━
7. เหตุผลของเวลา
ลูกค้าหลายคนสนใจ
แต่ไม่ตัดสินใจ
เพราะเขายังไม่เห็นว่า
ทำไมต้องตอนนี้
ข้อเสนอที่ดีต้องตอบว่า
ถ้ารอจะเสียอะไร
ถ้าเริ่มตอนนี้จะได้อะไร
ทำไมจังหวะนี้สำคัญ
และทำไมการไม่แก้ปัญหานี้
อาจทำให้ธุรกิจเสียโอกาสมากกว่าเดิม
นี่ไม่ใช่การเร่งแบบกดดัน
แต่มันคือการทำให้ลูกค้าเห็น
#ต้นทุนของการรอ
━━━━━━━━━━━━
[ ลูกค้าไม่ได้ซื้อเพราะข้อเสนอมีของเยอะที่สุด
แต่ซื้อเพราะข้อเสนอนั้น
ตอบ Pain ชัดที่สุด
ลดความเสี่ยงได้ดีที่สุด
และทำให้เขารู้สึกว่าคุ้มที่สุด ]
#OfferArchitecture
#ข้อเสนอที่ลูกค้าอยากซื้อ
#ขายของแพงให้สมเหตุสมผล
━━━━━━━━━━━━
Case Study สั้น ๆ
ผมเคยเห็นธุรกิจหนึ่ง
มีบริการดีมากครับ
ทีมเก่ง
งานดี
ลูกค้าเก่าชอบ
แต่เวลาขายลูกค้าใหม่
ปิดยากมาก
ตอนแรกเจ้าของคิดว่า
ปัญหาอยู่ที่ราคาแพงเกินไป
แต่พอดูจริง ๆ
ปัญหาไม่ได้อยู่ที่ราคาเป็นหลัก
ปัญหาอยู่ที่ข้อเสนอไม่ชัด
ลูกค้าไม่รู้ว่า
บริการนี้เหมาะกับใคร
ต่างจากเจ้าอื่นอย่างไร
ทำไมต้องเลือกทีมนี้
จะได้ผลลัพธ์อะไร
และถ้าไม่ทำตอนนี้จะเสียอะไร
พูดง่าย ๆ คือ
ของดีมีอยู่แล้ว
แต่ข้อเสนอยังไม่พาให้ลูกค้าเห็นว่า
“ฉันควรซื้อ”
พอปรับใหม่
เขียนกลุ่มลูกค้าให้ชัด
จัด Pain ให้ชัด
ทำแพ็กเกจให้เข้าใจง่าย
อธิบายผลลัพธ์
ใส่หลักฐาน
ทำ FAQ
และฝึกทีมขายให้เล่าคุณค่าก่อนราคา
ผลคือ
ลูกค้าไม่ได้ถามน้อยลงทุกเรื่อง
แต่คำถามเปลี่ยน
จากเดิมถามว่า
“ลดได้ไหม”
เริ่มถามว่า
“แพ็กเกจไหนเหมาะกับผม”
“ถ้าเริ่มต้องทำอย่างไร”
“ต้องเตรียมอะไรบ้าง”
“ถ้าต้องการผลลัพธ์แบบนี้ควรเลือกแบบไหน”
เห็นไหมครับ
เมื่อลูกค้าเข้าใจข้อเสนอ
เขาจะเริ่มตัดสินใจจากความเหมาะสม
ไม่ใช่แค่ตัดสินจากราคา
━━━━━━━━━━━━
ถ้าอยากทำข้อเสนอให้ขายง่ายขึ้น ให้ทำ 7 ขั้นนี้
ขั้นที่ 1
เขียนประโยคนี้ให้ชัด
“ข้อเสนอนี้เหมาะกับใคร
ที่กำลังเจอปัญหาอะไร
และอยากได้ผลลัพธ์แบบไหน”
ถ้าประโยคนี้ไม่ชัด
อย่าเพิ่งขายแรงครับ
เพราะข้อความขายทั้งหมดจะเบลอตาม
━━━━━━━━━━━━
ขั้นที่ 2
เขียน Pain 10 ข้อของลูกค้าที่ใช่
อย่าเขียนแบบกว้าง
ให้เขียนแบบชีวิตจริง
เขานอนไม่หลับเรื่องอะไร
เขาเหนื่อยกับอะไร
เขากลัวอะไร
เขาเสียเงินตรงไหน
เขาเสียโอกาสตรงไหน
เขาอยากหลุดจากอะไร
Pain ที่จริง
ทำให้ข้อเสนอคม
━━━━━━━━━━━━
ขั้นที่ 3
เขียนผลลัพธ์ 5 ข้อที่ลูกค้าอยากได้
เช่น
ขายได้ราคาดีขึ้น
อธิบายราคาง่ายขึ้น
มีภาพจำแบรนด์ชัดขึ้น
ทีมขายพูดคุณค่าเป็น
ลูกค้าเห็นความต่างก่อนถามราคา
ผลลัพธ์ต้องชัดพอ
ให้ลูกค้ารู้สึกว่า
นี่คือสิ่งที่เขาตามหา
━━━━━━━━━━━━
ขั้นที่ 4
จัดสิ่งที่ให้เป็นหมวด ไม่ใช่กองรวมกัน
อย่าใส่ทุกอย่างแบบกระจัดกระจาย
ให้จัดเป็นหมวด เช่น
หมวดกลยุทธ์
หมวดแบรนด์
หมวดราคา
หมวดการสื่อสาร
หมวดทีมขาย
หมวด AI
หมวดแผนลงมือทำ
การจัดหมวดทำให้ลูกค้ารู้สึกว่า
ข้อเสนอนี้มีระบบ
ไม่ใช่ของแถมปะติดปะต่อ
━━━━━━━━━━━━
ขั้นที่ 5
อธิบายแต่ละหมวดว่า “ช่วยอะไร”
อย่าบอกแค่ว่ามีอะไร
ให้บอกว่า
สิ่งนั้นช่วยลูกค้าอย่างไร
Brand DNA ช่วยให้รู้แก่นแบรนด์
Positioning ช่วยให้ไม่ถูกเทียบกับของทั่วไป
Story ช่วยให้ลูกค้าเข้าใจคุณค่าก่อนถามราคา
Sales Psychology ช่วยให้ทีมขายอธิบายสินค้าราคาสูงได้ดีขึ้น
AI ช่วยเร่งการคิด วิเคราะห์ และทำแผน
นี่คือการเปลี่ยนสิ่งที่มี
ให้กลายเป็นเหตุผลในการจ่าย
━━━━━━━━━━━━
ขั้นที่ 6
ใส่เหตุผลว่าทำไมควรเริ่มตอนนี้
เช่น
ถ้าต้นทุนสูงขึ้น แต่แบรนด์ยังขึ้นราคาไม่ได้
ธุรกิจจะเหนื่อยขึ้นเรื่อย ๆ
ถ้าลูกค้ายังจำคุณจากราคา
คุณจะต้องแข่งลดราคาตลอด
ถ้าทีมขายยังอธิบายคุณค่าไม่เป็น
สินค้าดีก็ยังดูแพงในสายตาลูกค้า
การไม่ตัดสินใจ
ก็มีต้นทุนเหมือนกันครับ
━━━━━━━━━━━━
ขั้นที่ 7
ทำ CTA ให้ชัดและง่าย
อย่าปิดท้ายแบบคลุมเครือ
ให้บอกเลยว่า
ถ้าสนใจต้องทำอะไร
พิมพ์คำว่าอะไร
ทักช่องทางไหน
โอนอย่างไร
รับรายละเอียดอะไร
มีที่นั่งไหม
วันเรียนเมื่อไหร่
ลูกค้าไม่ควรต้องเดาขั้นตอนถัดไป
ข้อเสนอที่ดี
ต้องทำให้การตัดสินใจง่ายที่สุด
━━━━━━━━━━━━
แบบฝึกหัดวิชาหาเงินวันนี้ 
ลองหยิบสินค้าหรือบริการของคุณขึ้นมา 1 อย่าง
แล้วตอบ 7 ข้อนี้ครับ
1. ข้อเสนอนี้เหมาะกับใคร
2. เขากำลังเจอ Pain อะไร
3. เขาอยากได้ผลลัพธ์อะไร
4. ทำไมคุณช่วยเขาได้
5. ข้อเสนอคุณต่างจากทางเลือกอื่นอย่างไร
6. คุณลดความเสี่ยงในการตัดสินใจให้เขาอย่างไร
7. ทำไมเขาควรเริ่มตอนนี้
ถ้าตอบ 7 ข้อนี้ไม่ได้
อย่าเพิ่งโทษว่าลูกค้าไม่มีเงินครับ
บางทีลูกค้าแค่ยังไม่เห็นว่า
ข้อเสนอของคุณ
สมเหตุสมผลพอสำหรับการตัดสินใจ
━━━━━━━━━━━━
สรุปตอนที่ 17
สินค้าดีอย่างเดียวไม่พอ
เพราะลูกค้าไม่ได้ซื้อแค่สินค้า
ลูกค้าซื้อข้อเสนอทั้งหมด
ที่ทำให้เขารู้สึกว่า…
สิ่งนี้เหมาะกับฉัน
แก้ปัญหาฉันได้
มีเหตุผลให้จ่าย
มีหลักฐานพอให้เชื่อ
มีความต่างพอให้เลือก
มีความเสี่ยงต่ำพอให้ตัดสินใจ
และมีเหตุผลพอให้เริ่มตอนนี้
จำไว้นะครับ
[ ข้อเสนอที่ดี
ไม่ใช่การทำให้ลูกค้ารู้สึกว่าได้ของเยอะ
แต่ทำให้ลูกค้ารู้สึกว่า
นี่คือคำตอบที่ถูกออกแบบมาเพื่อเขา ]
นี่คือหัวใจของการขายสินค้าราคาสูง
และเป็นอีกหนึ่งวิชาหาเงินที่เจ้าของกิจการต้องฝึกจริง ๆ
เพราะถ้าข้อเสนอชัด
การขายจะง่ายขึ้น
ทีมขายจะมั่นใจขึ้น
ลูกค้าจะเข้าใจเร็วขึ้น
และราคาจะดูสมเหตุสมผลมากขึ้นในสายตาตลาด
━━━━━━━━━━━━
ถ้าคุณอ่านมาถึงตรงนี้
และเริ่มรู้สึกว่า…
ธุรกิจของคุณอาจไม่ได้ต้องการแค่ “ขายให้เก่งขึ้น”
แต่ต้องการยกระดับทั้ง
วิธีคิด
การตั้งราคา
ภาพลักษณ์แบรนด์
คุณค่าในสายตาลูกค้า
เรื่องเล่าแบรนด์
มาตรฐานแบรนด์
ทีมขาย
ข้อเสนอ
และวิธีทำให้ลูกค้ายอมรับราคาที่สูงขึ้นอย่างมีเหตุผล
ผมอยากชวนคุณมาเรียนคลาสนี้ครับ
Premium Price Marketing, Luxury Branding
and AI-Powered Brand Strategy รุ่น 4
คลาสสำหรับเจ้าของธุรกิจ ผู้บริหาร นักการตลาด และคนสร้างแบรนด์
ที่อยากพาธุรกิจออกจากสงครามราคา
และยกระดับแบรนด์ให้ขายได้ในราคาที่ดีขึ้น
ในคลาสนี้เราจะเรียนเรื่อง
• การหาแก่นแท้ของแบรนด์ Brand DNA
• วิธีเพิ่มคุณค่าให้แบรนด์ โดยไม่ใช่แค่เพิ่มต้นทุน
• วิธีคิดแบบ Premium / Luxury
• การสร้างเรื่องเล่า ภาพจำ และภาพลักษณ์แบรนด์
• จิตวิทยาการขายสินค้าหรือบริการราคาสูง
• วิธีสื่อสารคุณค่าให้ลูกค้าเห็นความต่างก่อนถามราคา
• การวางมาตรฐานแบรนด์ให้แข็งแรงและยั่งยืน
• การใช้ AI ช่วยคิด วิเคราะห์ และเร่งการลงมือทำ
เรียนวันที่ 28 มิถุนายน 2026
เวลา 09.00 – 17.00 น.
สถานที่ Siam Kempinski Bangkok
ราคาพิเศษ 12,900 บาท
จากราคาเต็ม 25,000 บาท
ถ้าคุณอยากให้ธุรกิจของคุณ
ไม่ได้เป็นแค่ “ของดีที่ขายยาก”
แต่กลายเป็นแบรนด์ที่ลูกค้ามองเห็นคุณค่า
ยอมรับราคา
และรู้สึกว่าเลือกคุณแล้วคุ้ม
พิมพ์คำว่า “Premium” ไว้ใต้โพสต์นี้ครับ
หรือทักข้อความมาได้เลย
ผมส่งรายละเอียดการโอนให้ได้เลยครับ
#วิชาหาเงิน
#101วิชาหาเงิน
#เริ่มจากศูนย์จนถึงเป็นเศรษฐี
#OfferStrategy
#ข้อเสนอที่ขายได้
#ขายแพงอย่างมีเหตุผล
#PremiumPriceMarketing
#LuxuryBranding
#AIpoweredBrandStrategy
#สร้างแบรนด์พรีเมี่ยม
#ขายดีกับพี่เบส
#พี่เบสแบรนด์กบฏ
#วิชาหาเงินสำหรับเจ้าของกิจการ","","5","7","0","","","","text",""
"พี่เบส ธีระวัฒน์ วิไลรัตน์ is at Lawry's The Prime Rib Thailand.","ทานข้าวเย็นเม้ามอยกับเพื่อนๆ 
 ที่ร้านสเต็กลุงหนวด","","23","0","0","https://www.facebook.com/BestWinbiz/posts/27867943596130950/","https://scontent.fcnx2-1.fna.fbcdn.net/v/t39.99422-6/730713494_1561834878890470_5560136183565324120_n.png?stp=dst-jpg_tt6&cstp=mx2048x1536&ctp=s590x590&_nc_cat=102&ccb=1-7&_nc_sid=833d8c&_nc_eui2=AeEPFR9TpcpKLahIBHNtRIZ4fpNz2oXvPIl-k3Pahe88icvwQSmIXDiDfage0W4VmScJCKf-LlZB7j0EJX0PRhhh&_nc_ohc=IRoFSj8Y6O0Q7kNvwH7ItNy&_nc_oc=Adruyw2veycIrZ7658EZGFWRra9gqMiUUQ8ERdUqmAfyYtDJGbO8XzKu35cw2WXLBuY&_nc_zt=14&_nc_ht=scontent.fcnx2-1.fna&_nc_gid=55PfEPwRutc-x0RavvmUcw&_nc_ss=7a2a8&oh=00_AQCHRqBJx9ZmzaXlH9yEQiYx4q-3x2hofPdWdu5GxrTIuQ&oe=6A4AAC9D; https://scontent.fcnx2-1.fna.fbcdn.net/v/t39.99422-6/730760223_1676629576894124_6192790083397784905_n.png?stp=dst-jpg_tt6&cstp=mx1536x2048&ctp=s590x590&_nc_cat=104&ccb=1-7&_nc_sid=833d8c&_nc_eui2=AeGiq67YW0wqNnn2HUjFb22wckrtYFmHtrZySu1gWYe2tt36IYotcKtq-vs7uoyohKGhvKUUjA_6cIcvxvMlrJ2K&_nc_ohc=v7eF4-8Xx70Q7kNvwFfObzC&_nc_oc=AdrIGwrXBS2XBe7QxC8XGeNvFTDus-R8Kjb4kzzk7OLQAeRlhP-qVM4AsgZhPUb9oRo&_nc_zt=14&_nc_ht=scontent.fcnx2-1.fna&_nc_gid=55PfEPwRutc-x0RavvmUcw&_nc_ss=7a2a8&oh=00_AQBgrtideRUZXdQH-xol_EwtD7YYSwqR1GfQAzmZa1PRpQ&oe=6A4AC25E; https://scontent.fcnx2-1.fna.fbcdn.net/v/t39.30808-6/731423082_27867941546131155_1258801241629583724_n.jpg?stp=cp6_dst-jpegr_tt6&cstp=mx1536x2048&ctp=s590x590&_nc_cat=104&ccb=1-7&_nc_sid=833d8c&_nc_eui2=AeGGAag-HhNlAqM_75Hz0pTdAUNe7grUItkBQ17uCtQi2ZtCBW2TIJzbasNzJmCj2jnS73-P_wp3KslM4bhDIBWz&_nc_ohc=XPbK5xMwkFwQ7kNvwFp5yqE&_nc_oc=AdqvFnm1YneLdP5n13WiuX0MDkDLSVYuhrqn9WpPcL8ybc6tX4o74Lcfo1q7ToHnCJ4&_nc_zt=23&se=-1&_nc_ht=scontent.fcnx2-1.fna&_nc_gid=55PfEPwRutc-x0RavvmUcw&_nc_ss=7a2a8&oh=00_AQAZrzPoF5xDW_vEw-aUsNbW56f1ZmIceoo0X4pKvjKaOw&oe=6A4A97D3; https://scontent.fcnx2-1.fna.fbcdn.net/v/t39.30808-6/732813799_27867941886131121_3297278032541251691_n.jpg?stp=cp6_dst-jpegr_tt6&cstp=mx1536x2048&ctp=s590x590&_nc_cat=106&ccb=1-7&_nc_sid=833d8c&_nc_eui2=AeFqOtTXg9BqglzIVHX2aXDs6QGXKVfVNBvpAZcpV9U0G1MNVGj6DLxpTCAt8V6M-jxVJyDnA2y7yQF3PHTRoVRA&_nc_ohc=ZeulIUl_yjYQ7kNvwFSv1bP&_nc_oc=AdqV3QQEsVnQHK8fDuGPOZkpNHuUuIcBDdgT9sp-lg9hDi7uRdDK4NvOHieGkecriac&_nc_zt=23&se=-1&_nc_ht=scontent.fcnx2-1.fna&_nc_gid=55PfEPwRutc-x0RavvmUcw&_nc_ss=7a2a8&oh=00_AQBhXbKwqt20DS9ijnjzP0B4aVHu6VGsiM2WVBPOEPtfnQ&oe=6A4AB863; https://scontent.fcnx2-1.fna.fbcdn.net/v/t39.30808-6/729906039_27867942309464412_8231500357799117962_n.jpg?stp=cp6_dst-jpegr_tt6&cstp=mx1536x2048&ctp=s590x590&_nc_cat=101&ccb=1-7&_nc_sid=833d8c&_nc_eui2=AeHOCYvXGDz7Csw6bN8mc3KqsQu578AJs3mxC7nvwAmzeSZNXyFo2_t190gSTRlaUOSfUxbj8_tPVkhw9THQ-07R&_nc_ohc=Og_n2t8B570Q7kNvwG9o_aj&_nc_oc=AdpT0HxVl9ZWM9expEyxJomhskKgkInNVeKbID4kEjhNGiKUlIt9NAtiISpNWSBWv8I&_nc_zt=23&se=-1&_nc_ht=scontent.fcnx2-1.fna&_nc_gid=55PfEPwRutc-x0RavvmUcw&_nc_ss=7a2a8&oh=00_AQBPTyaHhtzaeig_mW5fMmU9PRmfFWSBc36RszuevA1AbQ&oe=6A4A9BDB","","image",""
"พี่เบส ธีระวัฒน์ วิไลรัตน์","เทคนิคการเล่าเรื่อง 10 ข้อ ที่จะทำให้คุณ “ขายเก่งขึ้น นำเสนอเก่งขึ้น และมีอิทธิพลกับคนมากขึ้น” ทั้งในธุรกิจและชีวิตส่วนตัว
โลกยุคนี้ไม่ได้ให้รางวัลกับคนที่มีของดีอย่างเดียวครับ
แต่ให้รางวัลกับคนที่ #เล่าเรื่องของตัวเองเป็น
เพราะในวันที่ทุกคนขายของคล้ายกัน พูดคล้ายกัน ทำคอนเทนต์คล้ายกัน…
คนที่เล่าเรื่องได้ดีกว่า
มักจะเป็นคนที่คนจำได้มากกว่า
เชื่อมากกว่า
และอยากเดินตามมากกว่า
ผมเชื่อมากขึ้นเรื่อย ๆ ว่า
ทักษะที่เจ้าของธุรกิจ นักขาย นักการตลาด หรือแม้แต่คนธรรมดาควรฝึกให้เก่งที่สุดอย่างหนึ่ง คือ #Storytelling
เพราะเรื่องเล่าไม่ใช่แค่การพูดให้สนุก
แต่เรื่องเล่าคือเครื่องมือที่ทำให้คนเข้าใจ
ทำให้คนเชื่อ
ทำให้คนรู้สึก
และทำให้คนตัดสินใจ
ผมเลยอยากแบ่งปัน 10 เทคนิคการเล่าเรื่อง ที่ผมคิดว่าเอาไปใช้ได้จริงมาก ทั้งกับการขาย การทำแบรนด์ การนำเสนอ และการใช้ชีวิตครับ
────────────────────
1. ขยี้ปัญหาให้ชัดก่อน อย่าเพิ่งรีบขาย
คนส่วนใหญ่พลาดตรงนี้ครับ
พอมีสินค้า มีบริการ หรือมีไอเดียดี ๆ ก็รีบพูดทันทีว่า “ของฉันดีอย่างนั้น ดีอย่างนี้”
แต่คนฟังยังไม่รู้สึกด้วยซ้ำว่าเขามีปัญหาอะไร
นักเล่าเรื่องที่เก่งจะไม่เริ่มจากคำตอบ
แต่จะเริ่มจาก #บาดแผลของคนฟัง
เขาจะทำให้คนฟังรู้สึกว่า…
“ใช่เลย นี่แหละปัญหาที่ฉันเจออยู่”
เหมือนเวลาที่ Steve Jobs เปิดตัวสินค้า เขาไม่ได้เริ่มจากการบอกว่า Apple เก่งแค่ไหน แต่เขามักจะชี้ให้เห็นก่อนว่า เทคโนโลยีเดิมมันยุ่งยาก แยกส่วน ใช้ยาก และไม่ตอบโจทย์ชีวิตคนจริง ๆ อย่างไร
เพราะเมื่อปัญหาชัด
ทางออกจะมีค่าขึ้นทันที
(ถ้าคุณขายของดี แต่ลูกค้ายังไม่เห็นปัญหา คุณจะเหนื่อยมากในการอธิบายราคา)
────────────────────
2. สร้างความอยากรู้ อย่าเฉลยหมดตั้งแต่ต้น
เรื่องเล่าที่ดีต้องมีแรงดึงครับ
ไม่ใช่พูดทุกอย่างออกมาหมดตั้งแต่ 10 วินาทีแรก แล้วคนฟังไม่เหลือเหตุผลให้ติดตามต่อ
เวลาคนดูหนัง เขาไม่ได้อยากรู้ตอนจบทันที
เขาอยากค่อย ๆ เดินไปกับเรื่อง
อยากรู้ว่าอะไรจะเกิดขึ้นต่อ
อยากรู้ว่าทำไมเรื่องนี้ถึงสำคัญ
Steve Jobs เคยสร้างโมเมนต์ระดับตำนานตอนเปิดตัว iPhone ด้วยการบอกว่า วันนี้ Apple จะเปิดตัว 3 สิ่งสำคัญ
iPod
โทรศัพท์
และเครื่องมือเชื่อมต่ออินเทอร์เน็ต
ก่อนจะเฉลยว่า…
ทั้งหมดอยู่ในเครื่องเดียวกัน
นี่คือพลังของ #Anticipation
การทำให้คนรอ
ทำให้คนลุ้น
ทำให้คนอยากรู้คำตอบ
ธุรกิจก็เหมือนกันครับ
อย่าเล่าแบบรายงานข้อมูล
แต่เล่าให้เหมือนพาคนเดินเข้าไปค้นพบบางอย่าง
────────────────────
3. ทำให้เห็นภาพ อย่าพูดลอย ๆ
คำพูดที่ไม่มีภาพในหัว มักจะหายไปเร็วมาก
แต่คำพูดที่ทำให้คนเห็นภาพ
จะอยู่ในหัวคนได้นานกว่า
เวลาจะเล่าเรื่อง อย่าพูดแค่ว่า “สินค้าของเราดีมาก”
แต่ให้เล่าว่า ดีอย่างไร
ดีในสถานการณ์ไหน
ดีตอนลูกค้าเจอปัญหาอะไร
และหลังจากใช้แล้วชีวิตเขาเปลี่ยนตรงไหน
Jobs ไม่ได้แค่พูดว่า iPhone ใช้งานง่าย
เขาหยิบมันขึ้นมาให้ดู
ลากนิ้วให้เห็น
เปิดเว็บให้ดู
โทรให้ดู
เล่นเพลงให้ดู
นี่แหละครับ #ShowDontTell
อย่าบอกว่าคุณเก่ง
จงเล่าให้คนเห็นเองว่าทำไมคุณถึงเก่ง
อย่าบอกว่าสินค้าคุณพรีเมี่ยม
จงทำให้ลูกค้าสัมผัสได้ว่ามันพรีเมี่ยมตั้งแต่ก่อนซื้อ
────────────────────
4. ย้ำข้อความสำคัญให้ติดหู
คนฟังไม่ได้จำทุกอย่างที่เราพูดครับ
เขาจะจำได้แค่บางประโยค
บางภาพ
บางอารมณ์
และบางความหมายที่เราย้ำซ้ำมากพอ
ดังนั้นนักเล่าเรื่องที่ดีต้องรู้ว่า
#ประโยคหลักของเรื่องคืออะไร
ในกรณี iPhone ประโยคที่ Jobs ย้ำคือ…
iPod
โทรศัพท์
Internet communicator
เขาย้ำจนคนทั้งห้องเริ่มเข้าใจว่า นี่ไม่ใช่สินค้าชิ้นใหม่ธรรมดา แต่มันคือการรวม 3 สิ่งสำคัญไว้ในเครื่องเดียว
เวลาทำคอนเทนต์หรือขายของก็เหมือนกันครับ
อย่าพูดหลายประเด็นจนคนจับอะไรไม่ได้
ให้เลือก 1 แกนหลัก
แล้วเล่าซ้ำในหลายมุม
ซ้ำแบบมีชั้นเชิง
ซ้ำแบบไม่ทื่อ
ซ้ำจนคนจำได้ว่า…
“แบรนด์นี้ยืนเรื่องอะไร”
────────────────────
5. เชื่อมเรื่องเล็กเข้ากับภาพใหญ่
สินค้าที่ขายแค่ตัวสินค้า มักจะสู้ราคายาก
แต่สินค้าที่เชื่อมกับวิสัยทัศน์
ความเชื่อ
อนาคต
หรือความหมายที่ใหญ่กว่า
จะมีพลังมากกว่า
Jobs ไม่ได้ขายแค่โทรศัพท์
เขาขายวิธีใหม่ในการใช้ชีวิต
วิธีใหม่ในการสื่อสาร
วิธีใหม่ในการพกโลกทั้งใบไว้ในมือ
นี่คือสิ่งที่เจ้าของธุรกิจควรเข้าใจมาก ๆ ครับ
คุณไม่ได้ขายกาแฟ
คุณอาจขายช่วงเวลาสั้น ๆ ที่ทำให้คนรู้สึกว่าชีวิตยังดีอยู่
คุณไม่ได้ขายอาหารเสริม
คุณอาจขายโอกาสที่คนจะกลับมาดูแลตัวเองอีกครั้ง
คุณไม่ได้ขายคอร์สเรียน
คุณอาจขายวิธีคิดใหม่ที่เปลี่ยนอนาคตธุรกิจของเขา
นี่คือ #LargerVision
เมื่อเรื่องของคุณใหญ่กว่าสินค้า
ราคาของคุณก็จะไม่ถูกตัดสินแค่ต้นทุน
────────────────────
6. ใส่ความเป็นมนุษย์ลงไป
บางคนเล่าเรื่องเหมือนอ่านสคริปต์ครับ
เป๊ะทุกคำ
ถูกทุกหลัก
แต่คนฟังไม่รู้สึกอะไร
เพราะมันไม่มีความเป็นมนุษย์อยู่ในนั้น
เรื่องเล่าที่ดีไม่จำเป็นต้องสมบูรณ์แบบ
แต่มันต้องจริง
Jobs เคยบอกบนเวทีว่า คืนก่อนเปิดตัวเขานอนไม่หลับ เพราะตื่นเต้นมาก
ประโยคแบบนี้ไม่ได้ทำให้เขาดูอ่อนแอ
แต่มันทำให้คนรู้สึกว่า
คนที่ยืนอยู่บนเวที ก็เป็นมนุษย์เหมือนกัน
ในการขาย การสอน หรือการทำแบรนด์
ความจริงใจมีพลังมากกว่าความเพอร์เฟกต์เยอะครับ
เล่าบางความรู้สึก
เล่าบางจุดเปลี่ยน
เล่าบางวันที่คุณเคยไม่มั่นใจ
เล่าบางบทเรียนที่คุณเคยพลาด
เพราะบางครั้ง
#ความไม่สมบูรณ์แบบ
คือสิ่งที่ทำให้คนเชื่อคุณมากขึ้น
────────────────────
7. จบให้คนรู้สึกอยากลุกขึ้นทำอะไรบางอย่าง
เรื่องเล่าที่ดีไม่ควรจบแบบหมดแรงครับ
มันควรจบแบบทิ้งพลังบางอย่างไว้ในใจคนฟัง
Jobs ชอบใช้ประโยคของ Wayne Gretzky ที่ว่า
“ผมจะสเก็ตไปยังจุดที่ลูกพัคกำลังจะไป ไม่ใช่จุดที่มันเคยอยู่”
ประโยคนี้ทรงพลัง เพราะมันไม่ได้พูดถึงแค่กีฬา
แต่มันพูดถึงอนาคต
การมองเกมขาด
และการไม่ติดอยู่กับอดีต
คอนเทนต์ที่ดี การขายที่ดี การนำเสนอที่ดี
ควรพาคนฟังไปเห็นภาพอนาคตบางอย่าง
อนาคตที่เขาอยากเป็น
ธุรกิจที่เขาอยากมี
ชีวิตที่เขาอยากไปถึง
หรือความเป็นไปได้ที่เขาไม่เคยมองเห็นมาก่อน
(คนไม่ได้ซื้อแค่สิ่งที่คุณขาย แต่เขาซื้อภาพอนาคตที่คุณทำให้เขาเชื่อได้)
────────────────────
8. ซ้อมให้มาก จนดูเหมือนไม่ได้ซ้อม
นี่คือความจริงที่หลายคนมองข้ามครับ
สิ่งที่ดูเป็นธรรมชาติที่สุด
มักเกิดจากการเตรียมตัวหนักที่สุด
Jobs ดูเหมือนพูดง่าย
แต่เบื้องหลังคือการซ้อมซ้ำ ๆ หลายชั่วโมง
เก็บจังหวะ
เก็บคำ
เก็บอารมณ์
เก็บการเดิน
เก็บแม้กระทั่งช่วงหยุดหายใจ
คนที่พูดเก่ง ไม่ใช่คนที่พูดไปเรื่อย
แต่คือคนที่ซ้อมจนรู้ว่าประโยคไหนควรหยุด
ประโยคไหนควรย้ำ
ประโยคไหนควรปล่อยให้คนฟังคิด
ถ้าคุณอยากเล่าเรื่องให้ดี
อย่ารอให้มีพรสวรรค์
ให้ซ้อมครับ
ซ้อมพูด
ซ้อมเขียน
ซ้อมเล่า
ซ้อมขาย
ซ้อมอธิบายของตัวเองให้สั้นลง ง่ายขึ้น และคมขึ้น
#การเล่าเรื่องที่ดูไหลลื่น
มักเกิดจากวินัยที่คนอื่นมองไม่เห็น
────────────────────
9. ย่อยเรื่องยากให้คนธรรมดาเข้าใจ
คนเก่งจำนวนมากมีของดีครับ
แต่ขายไม่ได้ เพราะอธิบายยากเกินไป
ยิ่งพูด ยิ่งทำให้คนฟังรู้สึกว่า
“เรื่องนี้ไม่ใช่ของฉัน”
“ฉันคงไม่เข้าใจ”
“มันดูไกลตัวเกินไป”
นักเล่าเรื่องที่เก่งต้องทำตรงข้าม
ต้องเปลี่ยนเรื่องยากให้คนรู้สึกว่า
“อ๋อ เข้าใจแล้ว”
“แบบนี้นี่เอง”
“ถ้าอย่างนั้นฉันก็น่าจะทำได้”
Jobs เก่งมากในการเปลี่ยนเทคโนโลยีที่ซับซ้อน ให้กลายเป็นภาษาของคนธรรมดา
เจ้าของธุรกิจก็ต้องฝึกสิ่งนี้ครับ
อย่าอธิบายสินค้าในภาษาของโรงงาน
ให้อธิบายในภาษาของลูกค้า
อย่าอธิบายแบรนด์ในภาษาของนักการตลาด
ให้อธิบายในภาษาของคนที่กำลังจะจ่ายเงินซื้อคุณ
ถ้าเด็ก 5 ขวบยังพอเข้าใจได้
แปลว่าคุณเริ่มเล่าเรื่องเป็นแล้ว
────────────────────
10. อย่าสร้างแค่การนำเสนอ แต่จงสร้างประสบการณ์
การเล่าเรื่องที่ทรงพลังที่สุด
ไม่ใช่แค่ทำให้คนฟังเข้าใจ
แต่ทำให้เขา #รู้สึกว่าเขาอยู่ในเหตุการณ์นั้นด้วย
Jobs ไม่ได้เปิดตัวสินค้าแบบคนเอาสไลด์ขึ้นมาอ่าน
เขาสร้างเวที
สร้างจังหวะ
สร้างการรอคอย
สร้างเสียงฮือฮา
สร้างโมเมนต์
และทำให้คนรู้สึกว่า…
“ฉันกำลังเห็นประวัติศาสตร์บางอย่างเกิดขึ้นตรงหน้า”
นี่คือสิ่งที่เจ้าของธุรกิจควรเรียนรู้มากครับ
เวลาคุณขายของ
อย่าคิดแค่ว่าจะพูดอะไร
ให้คิดด้วยว่า
ลูกค้าจะรู้สึกอะไร
เขาจะเห็นภาพอะไร
เขาจะจำประโยคไหน
เขาจะเอาเรื่องนี้ไปเล่าต่ออย่างไร
เพราะสุดท้ายแล้ว
แบรนด์ที่แข็งแรงไม่ใช่แบรนด์ที่พูดเยอะที่สุด
แต่คือแบรนด์ที่ทำให้คนรู้สึกบางอย่างได้ชัดที่สุด
────────────────────
สรุปสั้น ๆ ครับ
#Storytelling ไม่ใช่ทักษะของนักพูดเท่านั้น
แต่มันคือทักษะของคนที่อยากมีอิทธิพลกับโลกใบนี้
ถ้าคุณเป็นเจ้าของธุรกิจ
คุณต้องเล่าเรื่องให้ลูกค้าเข้าใจว่าทำไมคุณถึงแตกต่าง
ถ้าคุณเป็นนักขาย
คุณต้องเล่าเรื่องให้ลูกค้าเห็นคุณค่าก่อนเห็นราคา
ถ้าคุณเป็นผู้นำ
คุณต้องเล่าเรื่องให้ทีมเห็นอนาคตร่วมกัน
ถ้าคุณเป็นคนธรรมดาที่อยากเติบโต
คุณต้องเล่าเรื่องชีวิตตัวเองใหม่ ให้ตัวเองเชื่อว่าคุณไปได้ไกลกว่าวันนี้
เพราะบางครั้ง
คนเราไม่ได้เปลี่ยนชีวิตจากข้อมูลใหม่
แต่เปลี่ยนชีวิตจาก “เรื่องเล่าใหม่”
ที่ทำให้เราเห็นตัวเองในแบบที่ดีกว่าเดิม
ของขวัญสำหรับนักอ่านครับ 
ผมทำแนวทาง “วิธีสร้าง Content เรื่องเล่าใน 30 วัน” แบบเข้าใจง่าย เอาไปเริ่มฝึกเล่าเรื่องได้ทันที
ใครอยากได้
พิมพ์คำว่า “สนใจ” ไว้ใต้โพสต์นี้ครับ
ติดตามผมไว้ครับ
ผมจะแชร์ความรู้เรื่อง #วิชาหาเงิน #Storytelling #การตลาด #การขาย #การสร้างแบรนด์ และวิธีคิดสำหรับเจ้าของกิจการที่อยากเติบโตแบบมีคุณภาพไปเรื่อย ๆ ครับ
#SmallBusiness #Entrepreneurship #BusinessMind #Marketing #Storytelling #วิชาหาเงิน","","6","11","0","","https://scontent.fcnx2-1.fna.fbcdn.net/v/t39.99422-6/730917690_1498852815320642_5282296808987770761_n.png?stp=dst-jpg_tt6&cstp=mx1122x1402&ctp=s640x640&_nc_cat=105&ccb=1-7&_nc_sid=833d8c&_nc_eui2=AeFs0v3EkzUxs3YEiHvePdLUCxhlMQlrHNMLGGUxCWsc011A5NZzktafKRygY8zC4TxcmQuevtLfhPDAQpaWqy50&_nc_ohc=Umsdy5xx03MQ7kNvwHCZnpp&_nc_oc=AdpKc5dj5dMCtd2mKEyDo5ekD4oGs6yACVG4WqCvvnyQi8fRWc2Y7vjyycrAuNZ4EDI&_nc_zt=14&_nc_ht=scontent.fcnx2-1.fna&_nc_gid=55PfEPwRutc-x0RavvmUcw&_nc_ss=7a2a8&oh=00_AQAnkuDAMS9y1cto3-cvaMBK0zRRo6dZbE07VOfhWe1ypQ&oe=6A4AC43E","","image",""
"สุขภาพดีไปกับ Usmile101 Superfoods","5 เคล็ดลับง่ายๆ ที่คนรักสุขภาพทำเป็นประจำ #การดูแลสุขภาพไม่จำเป็นต้องเริ่มจากเรื่องยาก หลายครั้ง...สิ่งเล็ก ๆ ที่ทำได้ทุกวัน กลับเป็นพื้นฐานของสุขภาพที่ดีในระยะยาว 
ลองเริ่มจาก 5 ข้อนี้
 1. ดื่มน้ำให้เพียงพอตั้งแต่เช้า
หลังตื่นนอน ลองดื่มน้ำ 1–2 แก้ว เพื่อเริ่มต้นวันอย่างสดชื่น และอย่าลืมจิบน้ำระหว่างวันให้เพียงพอ
 2. เพิ่มผักในทุกมื้อ
ไม่จำเป็นต้องกินเยอะในมื้อเดียว แต่ค่อย ๆ เพิ่มความหลากหลายของผักในแต่ละวัน เพื่อให้ร่างกายได้รับใยอาหาร วิตามิน และแร่ธาตุจากธรรมชาติ
 3. เลือกโปรตีนให้ครบในแต่ละวัน
โปรตีนเป็นส่วนหนึ่งของอาหารที่สมดุล ช่วยให้แต่ละมื้ออิ่มนานขึ้น และทำให้ร่างกายได้รับสารอาหารที่จำเป็นอย่างครบถ้วน
 4. ขยับร่างกายทุกวัน
ไม่ว่าจะเป็นการเดิน ยืดเหยียด หรือออกกำลังกายเบา ๆ เพียงวันละ 20–30 นาที ก็เป็นจุดเริ่มต้นที่ดีของการดูแลสุขภาพ
 5. นอนให้เป็นเวลา
การพักผ่อนอย่างเพียงพอ เป็นอีกหนึ่งพื้นฐานสำคัญของการใช้ชีวิตอย่างสมดุลในทุกวัน
 สุขภาพที่ดี...
ไม่ใช่การทำทุกอย่างให้สมบูรณ์แบบ
แต่คือการเลือกทำสิ่งดี ๆ ให้ตัวเอง
อย่างสม่ำเสมอในทุกวัน
เริ่มได้ตั้งแต่มื้อถัดไป
หรือเริ่มได้ตั้งแต่วันนี้เลย 
— พี่เบส ธีระวัฒน์
#พี่เบสธีระวัฒน์ #เคล็ดลับสุขภาพ #HealthyLifestyle #สุขภาพดีทุกวัน #กินผักทุกวัน","","0","0","0","","https://scontent.fcnx2-1.fna.fbcdn.net/v/t39.99422-6/729089199_953558947732281_1733235096485487986_n.png?stp=dst-jpg_tt6&cstp=mx912x912&ctp=p526x296&_nc_cat=105&ccb=1-7&_nc_sid=127cfc&_nc_eui2=AeFiaRqx0sH4ZsWXShQtExj0EIuv3ENrT9MQi6_cQ2tP01EGa-_K2fZrMtW3lcx9ihPHxZIyZUmg6kHrkbKP9LZA&_nc_ohc=4BdYqYx9Uq0Q7kNvwG1pQ3y&_nc_oc=AdqxDTJR4OwI2j4ROvFUb22y4Xw3TNYtRQXQUY3ldp_o5coeLq8X-wv7naJjZwoifvw&_nc_zt=14&_nc_ht=scontent.fcnx2-1.fna&_nc_gid=55PfEPwRutc-x0RavvmUcw&_nc_ss=7a2a8&oh=00_AQB8ebWVV0JRFUIKfajjLtdSyD1kNB2ZVJfqwRZQS4l-XA&oe=6A4A9296","","image",""
"พี่เบส ธีระวัฒน์ วิไลรัตน์","#ถ้ามีสินค้า 1 อย่าง
#แล้วอยากเริ่มสร้างแบรนด์
#ให้คิดแบบนี้ก่อนครับ
หลายคนเวลาจะสร้างแบรนด์
เริ่มจากคำถามว่า…
โลโก้ควรเป็นแบบไหน?
ชื่อแบรนด์ควรเท่แค่ไหน?
แพ็กเกจควรใช้สีอะไร?
โพสต์ควรออกแบบยังไง?
ซึ่งผมไม่ได้บอกว่าสิ่งเหล่านี้ไม่สำคัญนะครับ
แต่มันยังไม่ใช่ “จุดเริ่มต้น” ของการสร้างแบรนด์
ถ้าเปรียบเทียบง่าย ๆ
มันเหมือนเราจะสร้างบ้าน
แต่เริ่มจากเลือกผ้าม่านก่อน
ทั้งที่จริง ๆ เราควรเริ่มจากถามว่า…
บ้านหลังนี้สร้างให้ใครอยู่?
เขาใช้ชีวิตแบบไหน?
เขาต้องการอะไร?
เขากลัวอะไร?
เขาอยากรู้สึกแบบไหนเวลาอยู่ในบ้านหลังนี้?
แบรนด์ก็เหมือนกันครับ
ถ้าคุณมีสินค้า 1 อย่าง
อย่าเพิ่งรีบทำให้มันสวย
ให้เริ่มจากทำให้มัน “ชัด” ก่อน
━━━━━━━━━━━━━━━━━━━━
#ขั้นที่1
#สินค้านี้แก้ปัญหาอะไรให้ลูกค้า
━━━━━━━━━━━━━━━━━━━━
เริ่มตรงนี้ก่อนเลยครับ
อย่าเพิ่งถามว่าสินค้าเราดีแค่ไหน
ให้ถามก่อนว่า…
สินค้านี้แก้ปัญหาอะไรให้ลูกค้า?
เพราะลูกค้าไม่ได้ซื้อสินค้าเพราะเราอยากขาย
ลูกค้าซื้อเพราะเขามีปัญหา
มีความต้องการ
มีความกลัว
มีความหวัง
หรือมีบางอย่างในชีวิตที่เขาอยากให้ดีขึ้น
เช่น
ถ้าคุณขายอาหารสุขภาพ
คุณไม่ได้ขายแค่อาหาร
คุณอาจกำลังช่วยคนที่
อยากดูแลตัวเอง
อยากลดความเสี่ยง
อยากมีแรงมากขึ้น
อยากรู้สึกว่าตัวเองเลือกสิ่งที่ดีให้ร่างกาย
ถ้าคุณขายคอร์สเรียน
คุณไม่ได้ขายแค่ความรู้
คุณอาจกำลังช่วยคนที่
อยากหาเงินเก่งขึ้น
อยากไม่พลาดเหมือนเดิม
อยากมีความมั่นใจ
อยากเป็นเจ้าของกิจการที่เก่งขึ้น
คำถามแรกจึงสำคัญมากครับ
#สินค้าเราแก้ปัญหาอะไร
#และปัญหานั้นสำคัญกับลูกค้าแค่ไหน
ถ้าปัญหาไม่ชัด
แบรนด์จะไม่ชัด
━━━━━━━━━━━━━━━━━━━━
#ขั้นที่2
#ลูกค้าของเราคือใครกันแน่
━━━━━━━━━━━━━━━━━━━━
พอรู้ว่าสินค้าแก้ปัญหาอะไร
ขั้นต่อไปคือถามว่า…
แล้วปัญหานี้เป็นของใคร?
อย่าตอบกว้าง ๆ ว่า
ลูกค้าคือทุกคน
เพราะถ้าคุณขายให้ทุกคน
สุดท้ายคุณจะสื่อสารไม่โดนใครเลย
ให้คิดให้ชัดครับ
ลูกค้าของเราเป็นใคร?
เขาอายุประมาณไหน?
ใช้ชีวิตแบบไหน?
มีรายได้ระดับไหน?
เขากังวลเรื่องอะไร?
เขาอยากได้ผลลัพธ์อะไร?
เขาเคยผิดหวังจากอะไรมา?
เขาเลือกซื้อสินค้าประเภทนี้จากเหตุผลอะไร?
ยิ่งเรารู้จักลูกค้าชัด
แบรนด์ยิ่งพูดได้ตรง
นี่คือหลักของ #Marketing7_0
เราไม่ได้มองลูกค้าแค่เป็น “คนซื้อ”
แต่ต้องเข้าใจเขาในฐานะ “มนุษย์คนหนึ่ง”
เขาคิดอะไร
เขากลัวอะไร
เขาอยากเป็นใคร
เขาอยากให้คนอื่นมองเขาแบบไหน
เขาอยากรู้สึกอะไรหลังซื้อเราไปแล้ว
แบรนด์ที่ดี
ไม่ได้เริ่มจากสินค้าอย่างเดียว
แต่เริ่มจากการเข้าใจ “ใจลูกค้า”
━━━━━━━━━━━━━━━━━━━━
#ขั้นที่3
#ลูกค้ากลัวอะไร ก่อนจะซื้อเรา
━━━━━━━━━━━━━━━━━━━━
ข้อนี้สำคัญมากครับ
หลายคนชอบคิดว่า
จะพูดยังไงให้ลูกค้าอยากซื้อ
แต่ผมอยากให้คิดกลับด้านก่อนว่า…
อะไรทำให้ลูกค้ายังไม่กล้าซื้อ?
เขากลัวแพงไหม?
กลัวไม่คุ้มไหม?
กลัวใช้แล้วไม่ได้ผลไหม?
กลัวโดนหลอกไหม?
กลัวเหมือนของทั่วไปไหม?
กลัวซื้อไปแล้วไม่มีคนดูแลไหม?
กลัวตัดสินใจผิดไหม?
นี่คือ #CriticalThinking แบบแบรนด์กบฏ
เราไม่ใช่แค่คิดว่า
จะโฆษณายังไงให้สวย
แต่ต้องคิดให้ลึกว่า
กำแพงในใจลูกค้าอยู่ตรงไหน
เพราะก่อนลูกค้าจะซื้อ
เขาต้องข้ามความกลัวก่อน
และหน้าที่ของแบรนด์คือ
ทำให้เขา #มั่นใจ
จำคำนี้ไว้เลยครับ
#มั่นใจ คือประตูแรกของยอดขาย
ถ้าลูกค้ายังไม่มั่นใจ
เขาจะไม่ซื้อ
ต่อให้สินค้าดีแค่ไหนก็ตาม
━━━━━━━━━━━━━━━━━━━━
#ขั้นที่4
#เราต่างจากตัวเลือกอื่นตรงไหน
━━━━━━━━━━━━━━━━━━━━
พอรู้ปัญหา
รู้ลูกค้า
รู้ความกลัว
ต่อไปต้องถามว่า…
แล้วทำไมเขาต้องเลือกเรา?
ไม่ใช่เลือกคู่แข่ง
ไม่ใช่เลือกของถูกกว่า
ไม่ใช่เลือกของที่เขาคุ้นกว่า
ไม่ใช่เลือกไม่ซื้ออะไรเลย
ความต่างไม่จำเป็นต้องยิ่งใหญ่เสมอไป
แต่ต้อง “ชัด”
เราอาจต่างที่คุณภาพ
ต่างที่ความจริงใจ
ต่างที่ความเชี่ยวชาญ
ต่างที่มาตรฐาน
ต่างที่ประสบการณ์
ต่างที่วิธีอธิบาย
ต่างที่บริการ
ต่างที่เรื่องเล่า
ต่างที่ผลลัพธ์
ต่างที่ความเข้าใจลูกค้า
แต่ต้องตอบให้ได้ว่า
#เราแตกต่างแบบมีความหมายตรงไหน
เพราะความต่างที่ไม่มีความหมาย
ไม่ได้ช่วยให้คนซื้อ
เช่น บอกว่าแพ็กเกจเราสวยกว่า
แต่ลูกค้าไม่ได้สนใจแพ็กเกจมากขนาดนั้น
ก็อาจไม่ใช่ความต่างที่ขายได้
บอกว่าสูตรเราดีกว่า
แต่ลูกค้าไม่เข้าใจว่าดีกว่าแล้วชีวิตเขาดีขึ้นยังไง
ก็ยังไม่พอ
ความต่างที่ดีต้องตอบได้ว่า
ต่างแล้วลูกค้าได้อะไร?
ต่างแล้วลูกค้าสบายใจขึ้นยังไง?
ต่างแล้วลูกค้าคุ้มขึ้นยังไง?
ต่างแล้วลูกค้าดูดีขึ้นยังไง?
นี่คือความต่างที่กลายเป็นแบรนด์ได้
━━━━━━━━━━━━━━━━━━━━
#ขั้นที่5
#อยากให้ลูกค้าจำเราเรื่องอะไร
━━━━━━━━━━━━━━━━━━━━
นี่คือจุดสำคัญมากของการสร้างแบรนด์
หลังจากรู้ว่าเราต่างตรงไหน
ต้องตัดสินใจต่อว่า…
เราอยากให้ลูกค้าจำเราเรื่องอะไร?
เพราะแบรนด์ที่คนจำไม่ได้
สุดท้ายจะถูกเทียบราคา
ถ้าลูกค้าไม่รู้ว่าเราคือใคร
เขาจะถามแค่ว่า
“เท่าไหร่?”
แต่ถ้าเขาจำเราได้ชัด
คำถามเรื่องราคาจะเบาลง
ในวิชา #แบรนด์กบฏ
ผมใช้หลักง่าย ๆ คือ
#OneWord
#OneImage
#OnePromise
#OneWord คือคำเดียวที่คนจำเราได้
เช่น
พรีเมี่ยม
จริงใจ
สะอาด
ปลอดภัย
เชี่ยวชาญ
คุ้มค่า
หรู
สุขภาพ
เข้าใจง่าย
#OneImage คือภาพเดียวที่คนเห็นเราในหัว
เช่น
เจ้าของแบรนด์ที่จริงจัง
แบรนด์สุขภาพมาตรฐานสูง
ร้านที่สะอาดมาก
คอร์สที่สอนเข้าใจง่าย
สินค้าที่ซื้อแล้วไม่น่าพลาด
#OnePromise คือคำสัญญาเดียวที่เราพูดซ้ำและทำจริง
เช่น
เราจะทำให้สุขภาพดีขึ้นเป็นเรื่องง่าย
เราจะทำให้การสร้างแบรนด์เข้าใจง่ายและใช้ได้จริง
เราจะทำสินค้าที่ลูกค้าซื้อแล้วมั่นใจ
ถ้า 3 อย่างนี้ชัด
แบรนด์จะเริ่มมีทิศทาง
━━━━━━━━━━━━━━━━━━━━
#ขั้นที่6
#เราจะสร้างความมั่นใจให้ลูกค้ายังไง
━━━━━━━━━━━━━━━━━━━━
พอรู้ว่าอยากให้คนจำอะไร
ต้องกลับมาถามเรื่องความมั่นใจอีกครั้งครับ
เพราะภาพจำที่ดี
ต้องมีหลักฐานรองรับ
อยากให้คนจำว่าเรามาตรฐานสูง
เราต้องมีอะไรพิสูจน์?
อยากให้คนจำว่าเราจริงใจ
เราต้องทำอะไรให้เขารู้สึก?
อยากให้คนจำว่าเราพรีเมี่ยม
ประสบการณ์เราพรีเมี่ยมจริงไหม?
อยากให้คนจำว่าเราสอนเข้าใจง่าย
เนื้อหาเราทำให้คนเข้าใจง่ายจริงหรือเปล่า?
อย่าพูดแบรนด์เกินของจริง
เพราะถ้าภาพจำสูง
แต่ประสบการณ์ต่ำ
ลูกค้าจะผิดหวัง
และแบรนด์จะเสียความเชื่อเร็วมาก
ดังนั้นต้องถามว่า
เราจะใช้หลักฐานอะไรสร้างความมั่นใจ?
รีวิว
ผลลัพธ์
มาตรฐาน
ใบรับรอง
กระบวนการผลิต
เบื้องหลังการทำงาน
ประสบการณ์ลูกค้า
การรับประกัน
การอธิบายแบบตรงไปตรงมา
สิ่งเหล่านี้คือวัตถุดิบของแบรนด์
━━━━━━━━━━━━━━━━━━━━
#ขั้นที่7
#ประสบการณ์ลูกค้าต้องเป็นแบบไหน
━━━━━━━━━━━━━━━━━━━━
แบรนด์ไม่ได้เกิดแค่ตอนโฆษณา
แบรนด์เกิดทุกจุดที่ลูกค้าสัมผัสเรา
ตั้งแต่เห็นโพสต์
ทักแชท
คุยกับแอดมิน
จ่ายเงิน
ได้รับสินค้า
แกะกล่อง
ใช้สินค้า
เจอปัญหา
ทักกลับมา
ซื้อซ้ำ
บอกต่อ
ทั้งหมดนี้คือ #CustomerExperience
ถ้าคอนเทนต์ดูพรีเมี่ยม
แต่ตอบแชทแย่
แบรนด์เสีย
ถ้าแพ็กเกจดูดี
แต่สินค้าข้างในไม่ดี
แบรนด์เสีย
ถ้าพูดว่าใส่ใจ
แต่ลูกค้ามีปัญหาแล้วเงียบ
แบรนด์เสีย
เพราะลูกค้าไม่ได้จำแค่สิ่งที่เราพูด
แต่จำสิ่งที่เขาเจอกับเรา
ดังนั้นต้องออกแบบประสบการณ์ให้ตรงกับภาพจำ
ถ้าอยากเป็นแบรนด์พรีเมี่ยม
ทุกจุดสัมผัสต้องพรีเมี่ยมขึ้น
ถ้าอยากเป็นแบรนด์จริงใจ
ทุกจุดสัมผัสต้องทำให้คนรู้สึกจริงใจ
ถ้าอยากเป็นแบรนด์ที่ซื้อแล้วมั่นใจ
ทุกจุดสัมผัสต้องลดความกังวลของลูกค้า
นี่คือการสร้างแบรนด์ที่จับต้องได้
━━━━━━━━━━━━━━━━━━━━
#ขั้นที่8
#ทำยังไงให้ลูกค้าซื้อซ้ำ
━━━━━━━━━━━━━━━━━━━━
แบรนด์ที่ดี
ไม่ใช่ทำให้คนซื้อครั้งเดียว
แต่ต้องทำให้คนอยากกลับมาอีก
เพราะธุรกิจจะเหนื่อยมาก","","6","7","0","","https://scontent.fcnx2-1.fna.fbcdn.net/v/t39.99422-6/730688964_2320668405005583_2868299427784984349_n.png?stp=dst-jpg_tt6&cstp=mx2047x1365&ctp=p180x540&_nc_cat=103&ccb=1-7&_nc_sid=833d8c&_nc_eui2=AeEnwq9ntSOfTt6jgwcLNEKvZw9mburdOjFnD2Zu6t06MVociiT6_EUJgM3o_AnLOvao-ctnnaLOOeytU6svu0-I&_nc_ohc=HViL0CurXlkQ7kNvwFPqyIs&_nc_oc=AdodGBooQC5pUJegjeAQQSv_uQEsh9rWmqyDT2pSHQt1PoHjO0BvOmmfYuD6crI4AeU&_nc_zt=14&_nc_ht=scontent.fcnx2-1.fna&_nc_gid=9370FnjusP1sXKAB362dwQ&_nc_ss=7a2a8&oh=00_AQDdK5ymSegoQ2TvUozAC8iSmwYVDvozRga7tnzyFIjxpg&oe=6A4AC5EF","","image",""